date,T2M,T2M_MAX,T2M_MIN,RH2M,WS2M,PRECTOTCORR,ALLSKY_SFC_SW_DWN,CLRSKY_SFC_SW_DWN
2023-06-01,28.38,35.44,21.47,56.12,2.87,0.19,7.43,7.72
2023-06-02,29.31,35.22,22.45,55.83,2.4,0.0,6.68,7.66
2023-06-03,31.55,37.24,25.5,50.16,1.59,0.01,7.15,7.6
2023-06-04,30.56,35.28,25.89,53.07,2.64,0.03,5.89,7.26
2023-06-05,31.41,37.95,24.3,43.57,1.97,0.0,7.98,8.01
2023-06-06,32.55,39.72,25.24,40.4,1.73,0.0,7.51,7.82
2023-06-07,32.56,39.38,27.16,40.58,2.54,0.0,7.94,7.98
2023-06-08,33.1,39.46,26.1,45.06,3.52,1.14,7.27,7.9
2023-06-09,32.38,39.18,26.48,48.05,3.84,5.08,7.94,8.01
2023-06-10,32.4,39.55,26.19,44.22,4.77,1.98,7.92,8.01
2023-06-11,32.4,38.68,26.42,49.48,4.39,0.01,7.85,8.07
2023-06-12,33.58,40.46,27.1,45.36,4.51,0.0,7.89,7.94
2023-06-13,34.05,40.8,27.8,42.11,4.9,0.0,7.69,8.0
2023-06-14,33.42,39.23,27.71,43.14,5.0,0.0,7.51,7.87
2023-06-15,33.37,38.51,28.71,44.13,4.06,0.26,6.65,7.68
2023-06-16,32.71,37.8,27.31,46.93,3.56,0.28,6.16,7.35
2023-06-17,29.53,32.3,27.61,60.59,5.68,2.51,4.44,7.53
2023-06-18,29.15,32.8,26.56,74.09,4.89,9.75,1.67,7.5
2023-06-19,27.38,29.29,25.48,81.26,5.72,37.25,4.68,7.32
2023-06-20,30.54,35.53,25.25,69.3,3.22,12.5,5.51,7.15
2023-06-21,30.94,36.7,25.83,65.74,4.75,2.02,6.39,7.16
2023-06-22,31.19,37.43,26.13,63.4,4.2,0.24,4.92,6.8
2023-06-23,32.4,38.68,26.68,57.96,4.07,0.48,5.21,6.67
2023-06-24,30.96,36.86,26.69,65.81,3.59,2.88,5.69,6.57
2023-06-25,27.77,30.41,25.31,80.72,2.34,6.48,4.13,6.55
2023-06-26,28.06,31.42,25.84,79.1,1.92,5.82,3.66,6.56
2023-06-27,27.34,30.31,25.29,81.56,1.98,3.12,5.82,7.1
2023-06-28,28.14,31.83,24.98,78.4,2.98,5.2,4.97,7.11
2023-06-29,30.09,34.75,25.81,70.04,1.65,7.28,3.5,7.23
2023-06-30,29.94,33.94,25.89,72.58,1.77,4.66,4.83,7.46
2023-07-01,30.31,34.81,25.99,72.11,2.18,5.5,6.49,7.04
2023-07-02,30.78,35.23,26.69,70.04,2.85,8.28,4.89,7.06
2023-07-03,31.42,37.1,25.69,66.63,2.74,5.94,6.23,7.32
2023-07-04,32.86,39.22,27.02,61.35,2.85,2.08,5.99,7.57
2023-07-05,31.9,37.28,27.11,67.09,2.0,10.48,5.93,6.65
2023-07-06,28.9,32.0,26.47,78.86,1.61,0.6,5.71,6.82
2023-07-07,28.64,33.1,25.83,78.29,0.82,12.09,2.68,6.88
2023-07-08,29.18,32.81,25.96,76.71,1.15,9.27,5.88,7.32
2023-07-09,28.93,31.97,25.68,79.05,1.31,32.25,5.15,7.45
2023-07-10,28.43,32.79,25.4,83.31,1.73,40.8,3.36,7.24
2023-07-11,29.24,34.22,24.71,75.76,2.35,2.06,5.21,7.36
2023-07-12,29.79,34.57,24.5,73.42,1.96,0.02,6.23,6.83
2023-07-13,29.6,33.89,25.59,77.1,2.88,0.55,5.77,6.66
2023-07-14,28.35,31.43,25.69,82.35,2.58,0.38,4.43,6.49
2023-07-15,28.25,31.93,25.4,82.14,2.73,2.33,5.37,6.82
2023-07-16,27.79,30.55,25.03,85.64,2.09,21.69,3.45,7.25
2023-07-17,28.26,32.05,24.79,84.51,2.43,22.05,4.02,7.02
2023-07-18,28.83,31.86,25.67,83.73,1.52,12.87,3.43,6.58
2023-07-19,29.52,33.84,26.43,80.23,1.8,3.12,5.03,7.09
2023-07-20,29.78,33.56,25.11,77.9,1.75,4.21,5.88,7.12
2023-07-21,30.25,33.66,26.8,76.99,1.78,3.62,6.48,7.22
2023-07-22,29.77,33.73,26.51,78.91,3.07,2.53,6.47,7.27
2023-07-23,28.93,33.11,25.57,80.49,3.55,2.59,5.47,7.28
2023-07-24,29.35,33.72,25.2,79.6,2.53,1.39,5.59,7.3
2023-07-25,29.33,33.02,25.93,82.1,1.38,2.85,4.76,7.17
2023-07-26,27.96,30.19,26.33,89.02,2.29,6.36,4.49,7.21
2023-07-27,27.47,29.28,25.92,90.68,2.23,18.78,5.19,6.95
2023-07-28,27.27,29.69,25.34,89.27,2.3,20.37,3.73,7.3
2023-07-29,26.82,29.71,24.79,89.87,3.57,30.89,3.37,7.25
2023-07-30,28.29,31.87,25.08,83.96,2.56,4.62,4.39,7.31
2023-07-31,28.21,31.85,25.17,83.76,2.85,3.11,5.49,6.86
2023-08-01,28.55,32.62,24.89,81.92,2.62,0.35,4.59,6.74
2023-08-02,28.23,31.9,25.04,83.69,3.1,0.01,5.51,6.99
2023-08-03,27.8,31.51,24.76,83.82,2.83,0.09,4.77,6.67
2023-08-04,27.27,30.86,24.55,86.43,2.84,1.33,3.64,6.75
2023-08-05,27.68,31.08,25.05,84.01,3.17,0.6,5.31,6.74
2023-08-06,27.79,32.31,23.93,81.64,3.65,0.01,5.12,6.7
2023-08-07,27.24,31.83,23.94,81.27,4.27,0.0,4.33,6.76
2023-08-08,26.96,31.08,24.07,82.89,3.72,0.0,4.5,5.9
2023-08-09,27.47,31.92,23.69,81.19,3.19,0.0,5.04,6.45
2023-08-10,27.44,32.01,24.08,81.1,3.03,0.0,5.51,6.49
2023-08-11,27.16,31.9,23.29,80.23,2.72,0.0,6.03,6.67
2023-08-12,26.94,31.82,22.76,79.99,3.42,0.0,5.99,6.84
2023-08-13,26.83,31.57,23.54,81.73,3.72,0.0,4.94,6.85
2023-08-14,27.31,32.49,23.21,78.41,2.45,0.0,4.62,6.54
2023-08-15,27.34,31.71,23.1,78.36,1.99,1.6,5.56,6.69
2023-08-16,27.99,32.9,23.61,78.91,2.65,0.52,4.32,6.65
2023-08-17,28.1,33.16,23.38,76.66,3.1,0.0,6.57,6.75
2023-08-18,28.62,33.91,23.21,73.42,1.97,0.33,6.14,6.57
2023-08-19,28.88,32.94,24.86,76.65,2.01,3.37,4.24,6.22
2023-08-20,30.23,34.22,26.1,72.74,1.48,1.38,4.58,6.33
2023-08-21,30.58,35.32,26.53,71.27,0.91,0.75,4.4,6.25
2023-08-22,28.74,33.86,25.88,80.14,3.13,17.87,5.16,6.7
2023-08-23,27.28,31.86,24.51,79.58,3.78,0.22,2.98,6.74
2023-08-24,27.16,31.95,23.32,75.57,3.7,0.01,4.0,6.57
2023-08-25,27.27,32.25,22.92,75.73,3.4,0.0,3.99,5.47
2023-08-26,27.29,32.14,23.66,73.43,3.27,0.0,5.02,5.6
2023-08-27,27.37,32.65,22.87,73.49,3.77,0.06,5.6,5.86
2023-08-28,27.63,33.19,23.28,72.22,3.72,0.01,6.16,6.34
2023-08-29,27.75,33.61,23.08,72.47,2.91,0.0,5.88,6.53
2023-08-30,28.72,34.38,23.17,68.38,2.42,0.65,6.22,6.51
2023-08-31,29.12,35.35,23.32,64.66,2.59,0.0,6.2,6.68
2023-09-01,29.56,35.6,24.02,62.59,2.5,0.0,6.14,6.64
2023-09-02,28.84,35.31,23.5,59.09,3.17,0.0,6.65,6.71
2023-09-03,28.65,35.88,22.07,59.29,3.11,0.0,6.8,6.99
2023-09-04,29.47,36.65,22.81,56.44,2.74,0.0,6.88,6.93
2023-09-05,30.15,38.15,23.06,56.35,2.79,2.86,6.52,6.72
2023-09-06,29.05,35.21,23.96,69.91,2.41,3.65,5.71,6.48
2023-09-07,29.38,36.04,24.25,64.51,2.19,0.01,5.24,6.58
2023-09-08,29.61,36.21,23.68,65.53,2.03,0.1,5.23,6.47
2023-09-09,28.87,34.14,24.51,71.56,2.6,0.48,4.48,6.44
2023-09-10,29.49,36.21,24.05,71.4,2.3,1.03,5.37,6.62
2023-09-11,30.01,36.3,24.84,68.45,2.08,0.62,5.13,6.39
2023-09-12,30.44,37.18,24.71,64.03,1.96,0.46,4.01,6.28
2023-09-13,29.5,34.52,25.24,66.31,1.35,0.3,4.42,5.79
2023-09-14,30.16,36.47,25.45,67.01,1.7,9.83,4.65,5.81
2023-09-15,29.0,33.75,25.19,76.47,1.53,5.8,4.44,6.05
2023-09-16,27.65,31.95,24.84,79.32,3.88,4.04,3.15,6.16
2023-09-17,26.52,29.48,24.82,84.53,5.12,7.76,2.0,6.18
2023-09-18,25.71,29.24,22.63,84.08,5.55,3.89,2.11,6.3
2023-09-19,27.91,32.88,23.44,75.2,3.09,0.67,4.55,6.18
2023-09-20,29.16,34.58,24.22,70.75,1.67,0.08,5.54,6.18
2023-09-21,29.84,35.67,24.6,69.02,1.13,3.43,5.67,6.22
2023-09-22,29.46,34.79,25.7,73.94,1.9,8.03,4.3,5.98
2023-09-23,29.88,35.36,24.86,69.75,1.39,5.89,5.02,5.92
2023-09-24,29.41,34.84,24.17,69.08,1.43,7.17,4.64,5.99
2023-09-25,28.93,33.63,24.17,69.97,1.22,10.9,5.37,5.89
2023-09-26,29.04,35.33,23.71,67.03,1.02,0.62,5.18,6.01
2023-09-27,29.35,35.04,23.85,59.47,1.23,0.0,5.5,5.96
2023-09-28,27.65,35.83,20.42,49.42,1.59,0.0,6.01,6.02
2023-09-29,28.31,35.73,20.33,39.68,1.02,0.0,5.96,6.22
2023-09-30,27.88,36.47,19.91,43.7,1.47,0.0,6.13,6.22
2023-10-01,27.25,36.09,19.67,46.74,1.68,0.0,5.81,6.2
2023-10-02,27.66,35.93,19.86,44.2,1.21,0.0,5.84,6.12
2023-10-03,26.7,35.75,19.5,43.16,1.38,0.0,5.92,6.17
2023-10-04,26.82,36.46,21.03,35.39,1.67,0.0,5.96,6.34
2023-10-05,26.61,36.86,18.54,41.24,1.77,0.0,6.04,6.26
2023-10-06,26.98,36.69,18.98,52.22,2.86,0.0,5.98,6.2
2023-10-07,27.33,36.26,19.99,54.06,2.59,0.0,5.97,6.16
2023-10-08,27.73,35.69,20.51,57.04,2.82,0.0,5.82,6.05
2023-10-09,27.85,35.35,21.68,56.12,3.35,0.0,5.81,6.04
2023-10-10,27.21,34.6,20.85,57.91,2.55,0.0,5.6,5.89
2023-10-11,27.33,35.61,20.63,50.0,1.94,0.0,5.76,5.92
2023-10-12,28.18,35.64,21.23,41.78,0.98,0.0,5.78,5.87
2023-10-13,28.79,36.49,21.47,47.63,1.63,0.0,5.65,5.77
2023-10-14,27.56,34.71,21.29,46.55,1.85,0.0,5.18,5.49
2023-10-15,27.21,34.31,21.31,50.21,2.73,0.0,4.82,5.17
2023-10-16,26.69,31.97,21.49,54.76,2.1,3.57,4.08,5.32
2023-10-17,24.48,29.47,20.28,66.46,1.58,0.81,3.93,5.08
2023-10-18,24.49,31.71,19.03,56.94,1.49,0.02,5.07,5.22
2023-10-19,24.36,32.38,17.93,48.44,1.32,0.0,5.1,5.36
2023-10-20,24.66,32.52,17.38,46.6,1.23,0.0,5.08,5.43
2023-10-21,24.65,33.16,17.24,47.59,1.28,0.0,5.25,5.36
2023-10-22,25.06,33.41,17.69,48.03,1.22,0.03,4.86,5.1
2023-10-23,24.38,32.43,17.9,45.18,1.59,0.0,4.74,4.87
2023-10-24,24.36,32.73,17.88,45.53,1.48,0.0,4.79,4.92
2023-10-25,24.81,33.37,18.72,43.38,1.67,0.0,4.79,5.11
2023-10-26,24.24,32.94,18.24,39.58,1.78,0.0,5.02,5.12
2023-10-27,25.2,33.8,19.28,33.1,1.48,0.0,5.21,5.29
2023-10-28,24.99,32.04,18.32,36.47,1.21,0.0,3.2,5.02
2023-10-29,26.18,34.86,18.57,38.23,1.28,0.0,4.86,4.94
2023-10-30,26.38,34.94,19.47,36.14,0.91,0.0,4.91,4.95
2023-10-31,25.46,33.53,19.48,41.72,1.22,0.0,4.34,4.63
2023-11-01,25.27,33.91,18.87,40.44,1.36,0.0,4.4,4.47
2023-11-02,24.54,33.33,18.78,36.18,1.19,0.0,4.32,4.34
2023-11-03,24.64,33.08,18.88,33.37,1.15,0.0,4.27,4.35
2023-11-04,24.75,31.58,17.73,39.14,1.11,0.0,3.7,4.18
2023-11-05,25.8,33.01,20.17,34.55,1.16,0.0,4.06,4.11
2023-11-06,24.79,32.81,18.13,38.66,1.29,0.0,3.85,3.94
2023-11-07,24.96,32.85,19.73,39.49,1.43,0.0,4.07,4.13
2023-11-08,25.1,32.47,19.29,34.81,1.83,0.0,3.91,4.04
2023-11-09,25.76,32.42,21.05,36.03,1.24,0.08,3.53,3.78
2023-11-10,24.22,29.71,18.24,44.87,1.32,0.84,3.52,3.86
2023-11-11,20.53,28.78,14.02,54.76,1.98,0.24,4.37,4.6
2023-11-12,19.98,28.2,14.34,49.74,1.11,0.0,4.53,4.59
2023-11-13,20.67,28.45,13.25,45.55,1.31,0.0,4.32,4.56
2023-11-14,20.27,24.63,16.42,43.85,1.37,0.0,2.94,3.98
2023-11-15,19.26,27.6,13.48,38.79,1.29,0.0,3.58,3.58
2023-11-16,18.67,26.58,12.39,38.91,1.18,0.0,3.48,3.59
2023-11-17,19.23,26.43,12.78,42.51,1.23,0.0,3.25,3.32
2023-11-18,20.58,27.04,14.69,35.98,0.76,0.0,3.44,3.52
2023-11-19,19.73,27.18,13.24,43.66,1.36,0.0,3.37,3.37
2023-11-20,20.58,28.05,14.71,49.69,1.11,0.0,3.13,3.15
2023-11-21,20.0,28.55,13.58,47.88,1.68,0.0,3.06,3.16
2023-11-22,18.63,27.01,13.31,39.84,1.3,0.0,3.79,3.79
2023-11-23,19.71,28.63,12.44,32.91,1.18,0.0,4.03,4.04
2023-11-24,19.25,27.58,12.89,36.9,1.21,0.0,3.67,3.73
2023-11-25,18.04,24.35,12.0,44.47,1.48,0.0,3.43,3.63
2023-11-26,18.3,25.3,13.8,43.68,2.55,0.16,2.33,3.34
2023-11-27,16.67,22.38,12.7,59.84,2.02,2.54,2.22,3.47
2023-11-28,17.33,23.81,12.03,71.16,1.32,1.19,2.35,3.7
2023-11-29,18.67,25.03,13.31,62.76,1.26,0.12,3.18,3.76
2023-11-30,19.04,26.15,12.73,61.84,1.06,0.01,3.23,3.46
2023-12-01,18.9,26.31,12.72,68.69,1.53,0.01,3.04,3.27
2023-12-02,18.72,25.69,12.62,61.42,1.38,0.02,2.93,3.13
2023-12-03,17.77,23.91,13.98,67.75,2.15,2.4,1.28,2.87
2023-12-04,18.12,25.62,13.0,57.86,1.59,0.02,2.19,2.96
2023-12-05,16.27,24.24,9.52,40.39,1.27,0.0,3.54,3.7
2023-12-06,16.72,24.59,9.8,47.87,1.54,0.0,3.74,3.74
2023-12-07,17.35,25.72,10.5,46.95,1.18,0.0,3.54,3.55
2023-12-08,18.53,26.16,12.6,44.56,1.01,0.0,3.12,3.13
2023-12-09,18.3,26.21,12.88,36.64,1.18,0.0,3.42,3.43
2023-12-10,17.14,26.21,10.88,34.22,1.34,0.0,4.03,4.04
2023-12-11,17.24,25.87,10.04,30.71,1.32,0.0,4.01,4.06
2023-12-12,16.88,25.77,8.14,36.33,1.17,0.0,3.98,4.04
2023-12-13,17.95,26.19,11.69,30.49,0.69,0.0,4.07,4.09
2023-12-14,17.55,25.99,11.33,37.17,1.08,0.0,4.1,4.15
2023-12-15,16.06,25.11,9.05,42.59,1.78,0.0,3.94,3.96
2023-12-16,16.7,24.9,9.38,41.62,0.99,0.0,3.76,3.78
2023-12-17,16.57,25.54,9.55,40.81,1.21,0.0,3.89,3.96
2023-12-18,15.36,24.3,8.76,37.49,1.94,0.0,3.98,4.02
2023-12-19,14.94,24.69,7.6,34.17,1.61,0.0,4.32,4.37
2023-12-20,15.94,23.39,9.34,27.38,1.03,0.0,3.01,4.31
2023-12-21,16.36,24.99,9.8,25.75,1.26,0.0,3.6,4.21
2023-12-22,17.17,26.21,9.55,22.82,1.33,0.0,3.98,4.2
2023-12-23,16.34,25.77,10.0,32.38,1.57,0.0,3.83,3.89
2023-12-24,15.54,24.83,8.48,45.52,1.6,0.0,3.0,3.19
2023-12-25,17.97,26.86,11.73,40.22,0.7,0.0,2.92,3.17
2023-12-26,17.94,26.58,11.8,36.12,1.1,0.0,3.31,3.41
2023-12-27,16.82,26.19,9.93,41.21,1.35,0.0,3.53,3.56
2023-12-28,15.51,25.26,8.37,43.06,1.23,0.0,3.68,3.68
2023-12-29,14.36,23.89,7.99,47.87,1.8,0.0,3.07,3.61
2023-12-30,14.52,22.25,9.01,46.28,1.56,0.0,2.35,3.04
2023-12-31,14.03,21.84,8.89,46.49,1.54,0.0,2.39,2.48
2024-01-01,13.8,22.98,6.56,44.23,1.19,0.0,2.34,2.79
2024-01-02,13.39,22.68,6.09,44.37,1.37,0.0,1.16,2.39
2024-01-03,13.54,22.11,7.35,46.77,1.34,0.0,2.56,2.86
2024-01-04,11.42,19.5,5.71,45.81,1.33,0.0,1.84,3.56
2024-01-05,10.88,20.13,4.31,52.07,1.27,0.0,1.7,3.31
2024-01-06,11.24,19.64,4.78,68.27,1.33,0.0,2.67,3.22
2024-01-07,11.72,19.9,5.25,62.44,1.21,0.0,2.94,3.05
2024-01-08,13.81,23.34,6.01,64.18,1.92,0.0,1.59,2.46
2024-01-09,14.77,22.2,8.78,62.59,1.36,0.52,2.52,3.36
2024-01-10,12.0,21.97,4.72,44.65,1.74,0.0,3.91,4.22
2024-01-11,13.27,23.8,5.05,34.86,1.25,0.0,4.5,4.53
2024-01-12,14.54,24.51,6.15,30.64,1.26,0.0,4.51,4.51
2024-01-13,16.56,25.75,8.27,30.7,1.26,0.0,3.66,4.41
2024-01-14,14.88,24.84,6.9,37.52,1.17,0.0,4.46,4.47
2024-01-15,14.2,24.43,6.42,27.98,1.22,0.0,4.07,4.46
2024-01-16,14.07,23.91,7.27,33.68,1.56,0.0,4.97,5.5
2024-01-17,13.54,22.94,6.29,41.65,1.77,0.0,3.94,4.03
2024-01-18,13.29,22.9,5.78,41.18,1.1,0.0,3.81,4.05
2024-01-19,13.02,22.9,6.4,41.27,1.4,0.0,4.0,4.29
2024-01-20,12.84,21.94,5.06,43.48,1.04,0.0,3.54,4.28
2024-01-21,13.22,23.87,6.56,36.64,1.53,0.0,4.36,4.39
2024-01-22,13.61,22.96,6.49,30.06,1.45,0.0,4.43,4.49
2024-01-23,14.38,23.34,5.98,36.05,1.15,0.0,4.22,4.53
2024-01-24,13.98,22.78,7.88,35.37,1.01,0.0,4.51,4.54
2024-01-25,13.21,22.56,4.78,38.09,1.39,0.0,3.68,4.4
2024-01-26,14.91,24.56,6.32,34.16,1.24,0.0,3.77,4.38
2024-01-27,17.83,27.16,9.95,29.11,1.25,0.0,4.33,4.5
2024-01-28,17.45,25.64,11.21,32.08,1.74,0.0,3.62,4.7
2024-01-29,17.5,26.47,10.27,38.1,1.56,0.0,3.61,4.36
2024-01-30,17.49,24.12,11.22,40.26,0.98,0.0,3.46,4.26
2024-01-31,19.02,26.21,11.65,40.54,1.29,0.38,3.91,4.08
2024-02-01,18.54,26.92,12.62,45.08,2.16,0.13,4.32,4.59
2024-02-02,15.77,25.38,8.61,44.55,1.95,0.02,4.01,4.33
2024-02-03,17.54,25.25,9.58,32.2,1.59,0.01,3.44,4.43
2024-02-04,19.02,26.05,13.9,63.32,3.47,9.7,2.86,4.78
2024-02-05,15.49,22.68,10.43,63.31,1.76,0.35,4.16,4.4
2024-02-06,14.2,22.32,8.51,39.19,1.94,0.0,4.6,4.68
2024-02-07,14.67,22.27,9.59,39.74,1.75,0.0,3.77,4.64
2024-02-08,12.8,22.29,5.92,42.47,2.25,0.0,5.23,5.34
2024-02-09,14.86,24.93,5.57,29.58,1.1,0.0,5.59,5.62
2024-02-10,16.05,24.9,8.55,25.36,1.06,0.0,5.49,5.51
2024-02-11,15.49,25.58,7.71,31.31,1.05,0.0,5.33,5.37
2024-02-12,15.15,23.01,7.47,34.73,1.37,0.0,3.93,4.76
2024-02-13,15.85,23.2,10.98,31.86,1.13,0.0,4.48,4.53
2024-02-14,15.63,25.35,8.25,34.46,1.45,0.0,4.19,4.29
2024-02-15,17.58,25.94,9.1,32.75,1.01,0.0,4.48,4.51
2024-02-16,19.2,27.05,11.41,27.57,1.05,0.0,5.0,5.1
2024-02-17,19.32,29.02,11.05,23.67,1.42,0.0,5.26,5.41
2024-02-18,20.61,30.07,11.72,19.88,1.75,0.0,5.0,5.43
2024-02-19,22.08,31.27,12.65,31.19,3.4,0.03,5.59,5.61
2024-02-20,21.34,29.06,14.97,42.92,3.12,1.23,5.16,5.53
2024-02-21,18.64,28.28,11.52,23.03,1.76,0.25,4.99,5.22
2024-02-22,17.89,26.74,12.11,24.77,2.08,0.0,4.76,5.48
2024-02-23,17.14,26.1,9.04,27.76,1.46,0.0,5.88,5.91
2024-02-24,17.06,25.86,9.29,28.53,2.09,0.0,5.56,5.87
2024-02-25,16.86,25.63,9.49,35.45,2.72,0.0,5.28,5.77
2024-02-26,18.74,27.18,11.68,25.88,2.67,0.0,2.96,5.29
2024-02-27,19.21,27.91,12.71,34.05,2.34,0.01,4.24,4.64
2024-02-28,19.08,28.26,10.7,44.01,1.98,0.0,5.71,5.74
2024-02-29,21.16,30.17,12.45,30.84,1.55,0.0,5.96,5.97
2024-03-01,23.7,33.34,14.94,31.49,2.9,1.34,4.57,5.56
2024-03-02,21.46,28.21,15.37,49.53,3.31,0.49,3.4,5.71
2024-03-03,16.26,24.96,9.63,23.17,2.1,0.02,6.36,6.58
2024-03-04,14.97,25.07,6.28,19.12,2.07,0.05,6.51,6.77
2024-03-05,16.06,25.89,7.29,19.89,2.12,0.0,6.42,6.5
2024-03-06,16.98,26.43,8.09,22.56,1.83,0.0,5.94,6.35
2024-03-07,19.48,28.18,11.3,26.78,1.39,0.0,6.25,6.47
2024-03-08,20.16,29.34,11.43,30.0,1.7,0.0,6.34,6.56
2024-03-09,20.4,30.02,11.92,25.64,2.26,0.0,6.23,6.41
2024-03-10,22.93,31.58,15.62,24.87,1.45,0.0,6.02,6.31
2024-03-11,23.43,32.66,15.74,24.82,1.75,0.0,6.25,6.33
2024-03-12,23.55,32.7,15.46,28.85,1.86,0.0,6.41,6.53
2024-03-13,24.06,33.01,16.52,27.15,2.42,0.0,6.17,6.57
2024-03-14,22.76,31.32,15.18,30.38,1.84,0.0,6.54,6.68
2024-03-15,22.59,31.63,15.23,28.68,2.42,0.0,6.56,6.65
2024-03-16,22.37,31.41,15.27,19.38,1.61,0.0,6.43,6.73
2024-03-17,22.97,32.91,14.3,15.73,1.42,0.0,5.74,6.66
2024-03-18,23.1,32.44,14.72,19.48,1.85,0.0,6.95,7.01
2024-03-19,25.27,34.04,19.0,19.95,1.96,0.0,6.53,6.84
2024-03-20,24.61,33.66,16.11,21.09,1.76,0.0,7.03,7.04
2024-03-21,23.81,32.36,16.41,19.9,1.6,0.0,6.45,6.74
2024-03-22,25.95,36.68,15.62,22.46,2.58,0.0,6.58,6.85
2024-03-23,27.51,37.29,18.01,22.82,1.76,0.0,6.94,7.03
2024-03-24,26.7,33.69,20.91,26.82,2.14,0.0,5.49,6.68
2024-03-25,27.05,36.11,19.06,26.22,2.02,0.0,6.66,6.89
2024-03-26,30.17,38.59,21.76,20.57,1.37,0.01,5.43,6.38
2024-03-27,30.88,39.61,22.44,23.77,1.65,0.03,6.19,6.54
2024-03-28,30.54,38.49,22.95,28.47,1.94,0.0,6.02,6.62
2024-03-29,31.08,39.67,23.47,27.21,2.34,0.0,5.31,6.26
2024-03-30,28.73,37.16,21.69,19.64,3.66,0.02,6.98,7.08
2024-03-31,27.02,35.52,19.25,20.7,2.96,0.0,7.29,7.33
2024-04-01,26.92,35.22,19.01,24.35,3.35,0.0,6.67,7.0
2024-04-02,28.36,36.85,20.95,15.45,2.17,0.0,6.97,7.06
2024-04-03,27.81,34.64,19.37,21.96,2.02,0.0,5.67,7.07
2024-04-04,29.64,37.57,22.61,25.03,1.89,0.0,5.29,6.93
2024-04-05,26.4,31.21,22.69,32.86,2.58,0.08,4.27,6.59
2024-04-06,27.99,36.05,21.43,30.23,1.25,0.16,6.72,7.02
2024-04-07,28.51,37.47,20.38,14.37,1.98,0.0,7.36,7.47
2024-04-08,31.12,39.13,22.18,13.26,1.77,0.0,7.38,7.53
2024-04-09,29.95,38.37,22.69,13.64,1.5,0.0,6.07,7.07
2024-04-10,29.68,39.01,23.29,26.97,3.55,0.0,5.25,6.05
2024-04-11,29.88,39.28,20.7,35.9,2.81,0.07,5.85,6.67
2024-04-12,30.81,38.31,23.24,23.78,2.16,1.2,6.19,6.71
2024-04-13,30.23,37.04,22.59,31.26,2.3,1.67,4.22,6.38
2024-04-14,29.94,35.54,24.11,35.52,2.04,0.02,5.33,6.57
2024-04-15,28.87,35.42,23.55,44.71,2.52,0.0,5.14,7.06
2024-04-16,28.97,35.68,22.1,37.83,3.08,0.0,7.26,7.49
2024-04-17,29.26,36.41,21.79,29.73,3.25,0.0,6.92,7.4
2024-04-18,30.58,37.73,22.47,28.68,2.82,1.08,6.51,7.43
2024-04-19,30.68,38.53,23.49,28.83,4.38,0.27,7.2,7.3
2024-04-20,28.86,36.32,20.86,28.66,2.99,0.0,6.98,7.72
2024-04-21,30.22,37.43,23.19,29.7,2.01,0.0,5.66,7.42
2024-04-22,31.09,37.21,25.34,30.07,2.07,0.01,7.01,7.66
2024-04-23,31.47,38.62,24.61,23.24,1.66,0.04,7.22,7.77
2024-04-24,30.91,39.25,22.49,19.93,2.02,0.04,7.58,7.78
2024-04-25,31.88,39.97,23.11,20.09,1.7,0.0,7.65,7.84
2024-04-26,33.08,40.32,27.0,20.59,3.17,0.0,6.06,7.43
2024-04-27,31.01,37.66,25.83,22.86,3.42,0.06,7.35,7.5
2024-04-28,30.97,38.45,23.49,23.31,1.67,0.0,7.18,7.79
2024-04-29,30.99,39.16,22.36,22.27,3.92,0.0,7.62,7.79
2024-04-30,28.67,37.16,19.89,8.44,3.25,0.0,7.84,8.03
2024-05-01,27.24,35.48,19.41,18.95,3.84,0.0,8.08,8.32
2024-05-02,28.01,37.16,18.78,16.1,2.78,0.0,7.55,8.28
2024-05-03,30.95,39.04,21.82,12.58,2.1,0.0,7.1,8.14
2024-05-04,33.58,42.14,24.99,15.96,2.85,0.0,5.67,7.66
2024-05-05,33.7,41.89,24.99,22.68,3.33,0.0,7.44,7.68
2024-05-06,34.34,41.77,26.33,20.41,2.27,0.0,7.06,7.71
2024-05-07,36.1,43.28,29.33,18.65,1.4,0.0,6.9,7.59
2024-05-08,35.92,43.99,27.89,15.97,2.31,0.0,7.19,7.69
2024-05-09,34.85,43.45,25.72,19.88,2.54,0.64,7.14,7.74
2024-05-10,35.98,43.75,26.96,21.99,2.33,0.46,7.37,7.61
2024-05-11,35.7,42.57,28.87,21.14,2.13,0.2,6.73,7.33
2024-05-12,33.8,40.89,27.97,31.22,2.69,2.36,7.45,7.62
2024-05-13,34.53,41.79,26.57,23.19,2.21,0.0,6.69,7.57
2024-05-14,35.06,41.62,28.83,17.95,2.51,0.06,6.44,7.4
2024-05-15,35.02,42.86,27.05,15.9,1.86,0.01,7.68,7.82
2024-05-16,36.67,44.01,29.01,15.52,1.46,0.0,7.44,7.75
2024-05-17,37.92,44.99,31.27,14.66,2.52,0.0,6.69,7.63
2024-05-18,37.51,45.6,29.72,14.23,3.25,0.0,7.26,7.67
2024-05-19,37.54,45.54,29.26,15.66,2.76,0.0,6.42,7.79
2024-05-20,37.37,42.74,31.14,17.33,2.82,0.0,6.42,7.41
2024-05-21,38.47,45.1,31.61,17.06,2.0,0.0,6.3,7.06
2024-05-22,38.74,45.72,31.53,15.96,1.26,0.0,7.0,7.64
2024-05-23,37.65,45.17,30.05,20.71,3.79,0.0,7.47,7.73
2024-05-24,36.88,43.42,29.93,25.84,3.04,0.0,7.38,7.61
2024-05-25,37.7,45.17,29.46,22.72,3.11,0.0,6.36,6.91
2024-05-26,39.13,47.27,31.1,16.93,2.87,0.0,6.95,7.65
2024-05-27,39.17,47.84,29.91,12.04,3.25,0.0,7.96,7.98
2024-05-28,38.73,47.33,30.17,13.09,4.28,0.0,7.66,7.71
2024-05-29,38.52,45.69,31.5,22.33,5.41,0.0,7.5,7.72
2024-05-30,38.32,45.55,31.98,22.32,4.47,0.0,7.26,7.86
2024-05-31,38.24,45.3,30.74,21.6,5.06,0.0,7.25,7.78
2024-06-01,37.61,43.51,31.47,22.62,3.59,0.39,6.24,7.56
2024-06-02,36.84,42.76,29.51,28.19,1.73,1.79,6.36,7.64
2024-06-03,37.69,44.21,31.05,22.8,2.32,0.03,7.37,7.55
2024-06-04,37.92,44.62,31.32,23.9,4.33,0.0,7.2,7.37
2024-06-05,37.03,43.3,30.57,24.59,4.52,0.0,7.6,7.72
2024-06-06,36.4,42.92,29.37,26.65,2.53,0.0,7.5,7.74
2024-06-07,36.41,42.94,29.76,26.76,2.88,0.38,6.02,7.36
2024-06-08,36.45,42.17,30.08,29.01,3.03,0.16,6.96,7.57
2024-06-09,36.72,42.89,30.37,25.21,2.81,0.01,6.81,7.82
2024-06-10,37.56,43.24,31.54,18.41,1.25,0.0,6.45,7.48
2024-06-11,37.83,43.45,32.01,21.03,2.39,0.0,5.81,7.23
2024-06-12,37.81,43.45,32.51,24.2,4.22,0.0,5.5,7.35
2024-06-13,37.42,43.49,32.11,28.01,3.83,0.34,6.35,7.33
2024-06-14,36.66,43.88,27.21,26.56,3.62,0.26,6.14,7.6
2024-06-15,37.97,44.03,31.33,25.9,4.44,0.0,6.19,7.6
2024-06-16,38.24,43.86,32.06,30.42,4.36,0.0,6.15,7.34
2024-06-17,38.56,43.79,32.94,31.82,4.85,0.0,6.7,7.19
2024-06-18,38.62,43.42,34.01,29.53,5.47,0.09,7.39,7.59
2024-06-19,37.92,43.38,32.43,32.12,5.01,0.11,7.33,7.63
2024-06-20,36.12,40.98,29.7,36.89,3.28,7.59,4.95,7.08
2024-06-21,32.14,36.17,28.43,54.99,1.39,15.04,5.0,6.75
2024-06-22,33.26,38.21,28.11,50.68,0.52,2.82,6.59,6.85
2024-06-23,34.04,38.6,28.99,48.61,1.37,2.7,5.64,6.59
2024-06-24,33.96,38.69,29.34,51.4,2.31,3.33,4.96,6.62
2024-06-25,34.55,40.3,28.91,50.56,1.63,0.59,4.75,6.46
2024-06-26,33.67,38.43,29.8,57.27,2.31,7.43,4.65,6.89
2024-06-27,30.51,34.31,27.41,70.18,2.57,11.44,5.63,7.14
2024-06-28,29.54,32.44,26.9,73.42,0.87,4.73,4.82,6.99
2024-06-29,30.25,33.99,27.29,70.64,2.38,6.69,3.5,7.35
2024-06-30,31.6,36.71,26.93,67.31,2.85,4.03,4.94,7.18
2024-07-01,31.54,35.94,27.56,67.68,3.22,4.61,4.67,6.7
2024-07-02,32.48,38.32,27.35,59.47,3.14,0.12,5.18,6.98
2024-07-03,31.79,35.68,27.75,65.91,2.81,17.19,5.52,6.87
2024-07-04,28.79,30.15,27.31,80.74,2.45,31.67,2.05,6.34
2024-07-05,28.59,31.05,26.51,83.66,1.69,16.16,1.47,6.23
2024-07-06,30.79,35.38,26.64,72.5,2.96,1.2,4.45,5.97
2024-07-07,30.83,36.11,26.83,68.93,2.5,6.39,4.52,5.98
2024-07-08,30.2,35.17,26.13,74.62,2.16,11.67,4.75,6.07
2024-07-09,29.83,34.64,25.92,74.46,2.16,7.76,5.95,6.93
2024-07-10,31.51,36.39,26.84,70.0,1.39,2.12,5.28,6.91
2024-07-11,30.48,34.16,27.81,75.21,3.46,13.64,6.34,6.9
2024-07-12,30.65,34.79,26.32,74.33,2.8,19.38,6.27,7.21
2024-07-13,30.25,34.86,26.67,74.78,2.39,2.36,4.79,7.13
2024-07-14,31.81,36.17,27.25,64.65,0.8,0.44,4.99,7.06
2024-07-15,30.16,33.76,26.92,74.9,2.03,11.23,5.8,7.17
2024-07-16,30.14,34.62,26.37,76.06,2.56,4.19,6.1,7.01
2024-07-17,30.66,35.31,26.14,74.75,2.62,1.62,6.54,7.18
2024-07-18,31.08,35.86,26.61,74.77,1.48,1.31,4.36,6.94
2024-07-19,31.33,35.93,27.35,70.5,1.46,0.83,6.29,6.89
2024-07-20,30.78,34.61,26.89,72.98,1.62,0.06,6.61,6.9
2024-07-21,31.61,36.61,27.42,69.47,1.93,1.6,5.63,6.86
2024-07-22,31.54,36.46,27.19,72.22,1.97,4.94,6.0,6.85
2024-07-23,31.38,35.05,27.87,75.41,1.48,6.37,3.59,5.91
2024-07-24,31.03,35.33,27.31,74.27,2.4,5.2,2.11,5.86
2024-07-25,30.67,35.1,26.75,71.67,3.36,7.6,2.8,6.24
2024-07-26,29.22,32.01,26.01,80.38,2.25,45.36,3.56,6.3
2024-07-27,29.21,32.69,26.1,82.13,1.57,7.33,3.27,6.06
2024-07-28,30.07,34.59,26.36,80.4,2.19,5.78,5.51,7.01
2024-07-29,29.91,34.1,26.15,80.43,2.86,0.2,6.65,7.2
2024-07-30,30.02,34.06,26.44,80.0,2.58,0.75,5.94,6.93
2024-07-31,28.92,32.21,26.22,83.95,2.65,25.9,4.81,-999.0
2024-08-01,26.49,28.02,25.13,92.54,2.92,103.74,3.08,-999.0
2024-08-02,27.78,31.49,25.05,86.88,2.23,14.97,4.13,-999.0
2024-08-03,27.65,30.73,25.42,85.45,2.21,6.81,4.87,-999.0
2024-08-04,27.91,31.68,24.87,84.58,2.77,9.89,5.07,-999.0
2024-08-05,28.26,32.2,25.27,88.05,3.55,22.16,3.07,-999.0
2024-08-06,27.44,31.17,24.99,87.77,4.57,7.26,3.71,-999.0
2024-08-07,26.36,29.05,24.65,91.19,4.16,7.8,1.82,-999.0
2024-08-08,26.32,29.4,24.47,90.31,3.37,14.37,1.9,-999.0
2024-08-09,26.19,28.29,23.94,92.0,2.38,10.58,1.59,-999.0
2024-08-10,26.82,29.62,24.73,90.85,2.82,3.96,1.77,-999.0
2024-08-11,26.58,28.6,24.93,93.18,2.38,31.51,1.8,-999.0
2024-08-12,27.44,30.72,24.88,87.95,1.63,68.07,1.99,-999.0
2024-08-13,27.68,31.05,24.72,89.05,2.43,11.87,3.2,-999.0
2024-08-14,27.43,29.83,25.57,91.94,2.11,28.17,2.31,-999.0
2024-08-15,27.73,30.26,25.83,90.71,1.28,36.2,1.34,-999.0
2024-08-16,27.63,30.42,25.73,89.85,1.51,14.18,3.76,-999.0
2024-08-17,27.37,29.95,25.1,89.21,1.69,2.78,5.15,-999.0
2024-08-18,27.36,30.05,24.77,86.66,1.39,0.28,5.08,-999.0
2024-08-19,27.66,30.75,24.57,84.98,1.69,3.0,2.85,-999.0
2024-08-20,27.52,31.09,24.32,82.58,1.31,8.89,4.52,-999.0
2024-08-21,27.98,31.4,24.33,83.78,1.05,6.65,5.17,-999.0
2024-08-22,28.48,31.88,25.05,81.76,0.82,3.49,4.11,-999.0
2024-08-23,28.22,31.57,24.68,82.85,1.05,20.75,4.97,-999.0
2024-08-24,27.47,30.16,24.81,87.47,1.48,32.14,4.62,-999.0
2024-08-25,26.47,28.84,24.76,91.13,3.22,25.61,4.09,-999.0
2024-08-26,26.03,28.16,24.64,92.48,4.74,27.94,3.14,-999.0
2024-08-27,25.87,29.15,24.02,90.39,3.58,8.69,3.38,-999.0
2024-08-28,26.28,29.8,23.32,89.33,2.51,1.13,4.8,-999.0
2024-08-29,25.24,27.3,23.17,90.47,2.8,5.23,3.21,-999.0
2024-08-30,25.92,29.79,22.29,88.17,1.57,7.32,4.25,-999.0
2024-08-31,27.98,31.64,23.37,79.87,0.86,1.02,5.76,5.9
2024-09-01,28.47,31.85,24.58,81.39,1.25,33.73,5.35,-999.0
2024-09-02,26.74,28.96,24.77,91.14,2.01,31.59,4.09,-999.0
2024-09-03,26.69,29.96,24.12,90.97,1.92,9.65,5.0,-999.0
2024-09-04,26.77,30.15,24.16,90.51,1.57,20.37,2.67,-999.0
2024-09-05,26.64,29.63,24.13,90.31,1.83,4.9,4.49,-999.0
2024-09-06,26.86,29.46,24.49,88.69,1.78,13.0,3.07,-999.0
2024-09-07,27.14,29.93,24.24,86.17,0.91,6.74,2.77,-999.0
2024-09-08,26.35,28.68,24.5,90.87,1.43,4.23,0.97,-999.0
2024-09-09,27.0,30.25,23.76,86.62,0.89,2.79,5.16,-999.0
2024-09-10,27.76,31.1,24.42,84.72,0.88,25.73,4.34,-999.0
2024-09-11,27.84,30.8,25.37,84.73,1.25,12.89,3.46,-999.0
2024-09-12,26.58,29.05,24.84,92.03,2.28,8.62,2.31,-999.0
2024-09-13,26.27,29.7,23.66,90.0,3.92,0.24,4.52,-999.0
2024-09-14,25.46,29.37,22.0,87.61,2.29,0.01,5.28,-999.0
2024-09-15,25.49,30.08,21.62,85.22,2.24,0.0,5.52,5.86
2024-09-16,25.25,29.98,21.0,83.75,2.42,0.0,5.63,5.79
2024-09-17,25.46,30.64,20.69,83.03,2.0,0.35,4.18,-999.0
2024-09-18,25.77,30.36,22.76,84.28,1.98,2.13,3.16,-999.0
2024-09-19,25.46,29.06,22.37,89.67,1.18,1.03,2.86,-999.0
2024-09-20,26.31,30.22,22.88,86.08,1.28,0.03,3.91,-999.0
2024-09-21,27.39,31.42,23.47,80.59,0.82,0.0,5.06,-999.0
2024-09-22,28.24,31.83,24.21,81.81,1.12,0.0,5.17,-999.0
2024-09-23,28.67,32.68,24.85,79.3,0.68,0.0,5.19,5.48
2024-09-24,29.25,33.61,24.93,76.33,0.88,0.05,5.08,-999.0
2024-09-25,28.31,32.75,24.61,82.45,1.52,0.06,4.78,-999.0
2024-09-26,27.21,30.97,24.51,86.8,2.26,0.0,3.82,-999.0
2024-09-27,26.8,30.51,23.21,85.73,1.66,0.01,4.08,-999.0
2024-09-28,27.18,30.76,23.51,82.5,1.44,0.03,4.38,-999.0
2024-09-29,27.03,30.97,23.11,83.31,1.25,0.04,4.56,5.31
2024-09-30,26.51,29.33,24.04,85.52,1.26,0.0,5.0,-999.0
2024-10-01,27.18,32.79,23.19,80.04,1.94,0.0,5.24,5.25
2024-10-02,26.49,32.46,21.93,78.32,3.11,0.0,5.3,5.3
2024-10-03,26.35,31.97,22.33,82.36,3.52,0.0,5.27,5.28
2024-10-04,26.04,31.91,21.69,83.14,2.5,1.7,5.17,5.19
2024-10-05,25.64,31.07,20.45,79.84,1.78,0.12,5.1,5.12
2024-10-06,27.03,32.36,20.96,68.76,0.92,0.0,5.0,5.07
2024-10-07,26.58,32.17,21.65,70.54,0.9,0.0,5.05,5.07
2024-10-08,25.9,31.0,20.88,75.94,1.14,0.02,5.03,5.06
2024-10-09,26.07,30.93,21.64,72.31,0.73,0.01,4.96,4.97
2024-10-10,26.18,30.78,22.04,69.66,0.56,0.0,4.89,4.92
2024-10-11,25.9,31.36,21.34,65.74,0.97,0.0,5.04,5.06
2024-10-12,24.57,30.47,19.8,79.96,1.28,0.06,4.7,-999.0
2024-10-13,24.26,29.59,19.83,82.74,1.37,0.26,3.34,-999.0
2024-10-14,24.82,30.02,20.54,76.06,1.03,0.04,4.76,-999.0
2024-10-15,25.6,31.46,20.84,62.27,1.05,0.0,4.89,4.91
2024-10-16,24.95,31.37,18.27,60.11,1.23,0.0,4.68,4.78
2024-10-17,25.16,32.0,19.45,67.91,1.33,0.0,4.5,4.72
2024-10-18,25.17,31.99,19.44,67.77,1.42,0.0,4.71,4.71
2024-10-19,25.25,31.82,19.75,71.83,1.72,0.0,4.66,4.67
2024-10-20,25.39,31.91,21.02,74.38,1.67,0.0,4.56,4.6
2024-10-21,25.16,31.4,20.82,72.51,1.64,0.15,4.53,4.56
2024-10-22,25.34,30.93,20.36,70.98,0.84,0.93,4.5,4.54
2024-10-23,24.47,30.64,19.88,70.91,1.46,0.0,4.36,4.47
2024-10-24,23.08,30.89,17.25,62.75,1.93,0.0,4.56,4.57
2024-10-25,24.87,32.17,18.92,59.18,1.55,0.0,4.52,4.52
2024-10-26,25.86,32.45,20.07,53.62,1.26,0.0,4.49,4.5
2024-10-27,25.54,32.48,20.26,57.14,0.85,0.0,4.4,4.42
2024-10-28,23.41,30.64,17.66,80.03,1.78,0.0,4.32,4.33
2024-10-29,24.58,31.57,18.51,74.43,1.61,0.0,4.31,4.31
2024-10-30,24.08,32.49,18.27,68.03,2.08,0.0,4.28,4.28
2024-10-31,23.92,31.6,17.56,62.12,1.85,0.0,4.19,4.22
2024-11-01,24.68,31.55,18.61,56.29,1.36,0.0,4.27,4.27
2024-11-02,25.45,31.78,20.08,51.52,0.7,0.0,4.16,4.16
2024-11-03,24.95,31.56,19.51,52.17,0.87,0.0,4.12,4.15
2024-11-04,24.42,31.04,19.69,51.65,0.89,0.0,4.1,4.1
2024-11-05,22.32,29.05,15.7,70.55,1.18,0.0,3.91,4.04
2024-11-06,22.99,29.86,15.92,69.62,1.11,0.0,3.94,4.01
2024-11-07,23.7,30.48,16.4,66.83,1.01,0.0,3.96,3.97
2024-11-08,24.35,31.54,18.08,60.26,0.93,0.0,3.93,3.94
2024-11-09,23.15,31.0,16.68,66.64,1.05,0.0,3.89,3.89
2024-11-10,23.08,30.46,18.46,60.77,1.2,0.0,3.88,3.89
2024-11-11,23.51,30.61,19.1,54.61,1.03,0.0,3.83,3.83
2024-11-12,22.51,30.57,17.5,54.65,1.11,0.0,3.82,3.83
2024-11-13,21.62,29.6,15.15,52.82,1.08,0.0,3.85,3.85
2024-11-14,20.31,28.15,14.31,69.32,1.4,0.0,3.73,3.75
2024-11-15,20.99,28.09,14.19,65.71,1.23,0.0,3.66,3.69
2024-11-16,22.6,28.89,16.38,52.73,0.88,0.0,3.66,3.67
2024-11-17,21.26,27.78,14.94,56.4,1.26,0.0,3.63,3.65
2024-11-18,18.33,25.48,12.22,59.11,1.48,0.0,3.55,3.73
2024-11-19,18.47,25.68,13.67,52.08,1.14,0.0,3.72,3.72
2024-11-20,18.4,25.34,12.89,48.9,1.06,0.0,3.61,3.71
2024-11-21,18.62,25.36,13.25,47.05,1.12,0.0,3.64,3.67
2024-11-22,19.52,26.14,14.67,41.86,0.68,0.0,3.56,3.61
2024-11-23,17.55,26.5,10.61,59.17,1.45,0.0,3.55,3.55
2024-11-24,18.58,26.94,11.03,56.55,1.3,0.0,3.53,3.53
2024-11-25,18.52,26.14,13.46,53.91,1.44,0.0,3.51,3.54
2024-11-26,19.2,26.59,13.72,50.97,1.27,0.0,3.51,3.51
2024-11-27,19.11,26.75,13.16,54.47,1.32,0.0,3.46,3.48
2024-11-28,17.32,25.51,11.13,60.59,1.28,0.0,3.53,3.53
2024-11-29,17.18,24.75,11.77,52.4,1.17,0.0,3.5,3.5
2024-11-30,17.82,25.22,11.37,52.64,1.32,0.0,3.43,3.43
2024-12-01,17.9,25.27,11.98,55.06,1.3,0.0,3.52,3.52
2024-12-02,18.52,26.45,11.86,56.08,1.2,0.0,3.52,3.52
2024-12-03,19.78,26.19,14.43,48.53,0.76,0.0,3.52,3.52
2024-12-04,17.76,26.51,11.92,58.2,1.68,0.0,-999.0,-999.0
2024-12-05,17.17,24.68,11.87,56.23,1.66,0.0,3.6,3.6
2024-12-06,17.29,24.58,12.5,51.02,1.49,0.0,3.52,3.52
2024-12-07,16.47,23.84,10.89,49.62,1.27,0.0,3.57,3.57
2024-12-08,13.92,23.74,7.87,59.34,2.64,0.0,3.45,3.48
2024-12-09,11.77,20.93,5.56,55.12,2.84,0.0,3.54,3.54
2024-12-10,12.42,21.0,6.68,51.2,1.47,0.0,3.57,3.57
2024-12-11,14.01,21.48,8.01,34.81,0.82,0.0,3.63,3.63
2024-12-12,13.52,21.07,8.06,42.11,1.04,0.0,3.6,3.62
2024-12-13,11.95,21.59,5.47,42.96,2.41,0.0,3.61,3.62
2024-12-14,12.66,23.44,4.96,40.53,1.6,0.0,3.59,3.59
2024-12-15,14.06,22.89,7.61,34.9,1.15,0.0,3.62,3.62
2024-12-16,13.13,22.25,6.49,45.12,1.33,0.0,3.6,3.6
2024-12-17,14.23,23.33,6.8,46.1,1.35,0.0,3.49,3.49
2024-12-18,14.73,22.77,8.73,44.58,1.11,0.0,3.36,3.56
2024-12-19,13.45,22.59,6.56,58.46,2.16,0.0,3.37,-999.0
2024-12-20,13.07,21.45,7.48,67.46,2.02,0.0,3.36,3.4
2024-12-21,14.7,23.05,7.61,53.96,1.36,0.0,3.44,3.45
2024-12-22,13.88,22.91,7.29,57.85,2.24,0.0,3.45,3.46
2024-12-23,14.05,20.65,10.08,64.6,2.22,0.17,1.82,-999.0
2024-12-24,14.51,21.2,9.4,79.14,1.36,0.01,2.58,-999.0
2024-12-25,14.57,22.13,9.34,75.28,1.57,0.0,3.22,-999.0
2024-12-26,15.51,22.91,8.8,68.87,2.01,0.91,2.74,3.34
2024-12-27,16.11,19.6,13.25,89.74,2.56,14.48,0.59,-999.0
2024-12-28,14.29,20.98,9.28,78.1,2.14,0.03,0.96,-999.0
2024-12-29,12.16,20.5,6.62,72.32,1.81,0.0,2.79,-999.0
2024-12-30,11.91,19.94,5.15,61.66,1.25,0.0,2.09,-999.0
2024-12-31,12.59,20.35,5.47,54.26,1.1,0.0,1.59,-999.0
2025-01-01,14.21,22.46,7.92,45.09,0.92,0.0,3.48,3.59
2025-01-02,15.32,21.99,10.99,45.84,0.95,0.0,3.5,3.61
2025-01-03,16.11,25.26,9.13,52.02,1.25,0.0,3.0,-999.0
2025-01-04,16.15,27.02,8.88,55.24,1.78,0.0,3.39,-999.0
2025-01-05,15.62,25.29,8.0,62.38,1.9,0.0,3.14,3.61
2025-01-06,14.12,22.35,8.42,64.77,1.71,0.0,2.16,3.57
2025-01-07,11.54,19.77,5.77,53.46,1.93,0.0,3.5,3.79
2025-01-08,13.57,22.58,4.77,36.63,1.64,0.0,3.8,3.8
2025-01-09,14.51,23.16,8.87,39.64,1.33,0.0,3.82,3.82
2025-01-10,12.9,22.66,5.49,54.27,2.5,0.0,3.62,3.81
2025-01-11,11.43,17.8,6.11,73.2,1.53,5.12,1.0,-999.0
2025-01-12,12.58,20.47,7.65,68.07,1.54,0.1,1.31,-999.0
2025-01-13,11.74,19.47,4.75,69.58,1.35,0.0,3.53,3.77
2025-01-14,12.55,20.72,6.94,68.49,1.53,0.0,3.76,3.88
2025-01-15,12.69,20.35,5.97,68.24,1.89,2.36,2.38,-999.0
2025-01-16,13.55,21.22,8.69,70.12,1.47,1.2,2.89,-999.0
2025-01-17,12.0,19.88,5.71,66.1,1.56,0.0,3.59,3.97
2025-01-18,12.67,21.1,6.48,57.73,1.41,0.0,3.56,-999.0
2025-01-19,16.56,26.19,8.96,61.44,1.78,0.0,3.76,3.84
2025-01-20,16.81,26.18,10.59,58.24,1.54,0.0,3.77,3.9
2025-01-21,16.5,25.77,9.75,49.94,1.3,0.0,3.96,3.96
2025-01-22,16.69,24.43,9.99,56.91,1.68,0.0,3.49,3.92
2025-01-23,15.72,23.92,10.19,59.74,1.94,0.0,3.88,4.01
2025-01-24,14.38,23.53,7.7,45.42,1.9,0.0,4.24,4.24
2025-01-25,14.36,24.09,6.54,35.66,1.78,0.0,4.37,4.37
2025-01-26,15.13,25.01,8.83,29.21,1.49,0.0,4.43,4.43
2025-01-27,16.1,25.48,9.51,27.07,1.2,0.0,4.49,4.49
2025-01-28,16.8,26.43,11.35,29.52,1.08,0.0,4.42,4.42
2025-01-29,16.71,27.53,8.53,42.19,1.81,0.0,4.31,4.32
2025-01-30,16.11,27.33,8.53,44.67,1.79,0.0,4.34,4.36
2025-01-31,17.52,25.99,10.24,36.51,1.43,0.0,4.36,4.4
2025-02-01,16.62,25.38,9.27,45.06,1.35,0.0,4.17,4.31
2025-02-02,16.04,25.05,8.76,50.88,1.37,0.0,4.14,4.37
2025-02-03,17.13,26.49,9.27,48.66,1.85,0.02,4.35,4.39
2025-02-04,17.09,24.88,11.55,50.96,1.72,0.31,2.87,-999.0
2025-02-05,14.91,23.48,7.88,35.85,2.41,0.0,4.62,4.62
2025-02-06,14.47,24.34,7.86,37.54,1.66,0.0,4.7,4.71
2025-02-07,14.4,24.42,6.4,31.88,2.0,0.0,4.68,4.71
2025-02-08,16.58,26.31,8.61,29.07,1.45,0.0,4.66,4.69
2025-02-09,18.15,27.6,11.59,27.9,1.51,0.0,4.66,-999.0
2025-02-10,20.02,29.62,10.72,28.91,1.34,0.0,4.6,-999.0
2025-02-11,20.65,30.07,13.34,30.52,1.48,0.0,4.74,4.75
2025-02-12,18.01,27.42,10.99,35.78,2.23,0.0,4.79,4.83
2025-02-13,17.81,28.12,9.48,29.94,1.91,0.0,4.91,4.91
2025-02-14,20.69,30.1,11.49,25.4,1.63,0.0,4.81,4.81
2025-02-15,21.75,31.38,13.38,34.24,2.19,0.0,4.82,4.82
2025-02-16,20.12,30.1,11.77,35.48,1.54,0.0,4.79,-999.0
2025-02-17,20.8,29.39,14.42,38.39,2.45,0.03,4.74,4.92
2025-02-18,21.62,30.16,13.85,39.69,1.78,0.71,4.84,4.86
2025-02-19,21.64,28.65,15.73,42.34,1.61,0.68,4.64,-999.0
2025-02-20,21.37,30.92,14.37,45.57,2.76,0.08,4.93,4.97
2025-02-21,19.06,28.09,12.59,39.51,2.7,0.0,5.1,5.16
2025-02-22,18.44,27.21,11.03,41.2,2.3,0.0,5.08,5.09
2025-02-23,19.74,28.8,13.05,41.13,1.38,0.0,5.28,5.28
2025-02-24,20.08,28.77,11.79,37.33,1.32,0.0,5.3,5.31
2025-02-25,21.78,31.03,14.21,36.84,1.59,0.0,4.81,-999.0
2025-02-26,23.36,32.03,16.35,32.23,1.68,0.0,5.16,-999.0
2025-02-27,21.39,28.56,15.81,37.93,1.88,0.0,3.96,-999.0
2025-02-28,22.04,29.24,16.91,43.04,1.74,0.39,2.17,-999.0
2025-03-01,22.27,30.68,15.87,50.98,2.57,0.26,5.13,-999.0
2025-03-02,21.33,29.66,14.96,47.85,2.09,0.64,5.27,5.33
2025-03-03,22.44,32.52,14.29,33.66,3.01,0.0,5.35,5.37
2025-03-04,19.15,26.26,11.48,26.08,4.05,0.0,5.58,5.62
2025-03-05,16.67,27.3,7.74,25.03,3.55,0.0,5.75,5.79
2025-03-06,19.98,30.52,9.41,20.3,2.51,0.0,5.7,5.72
2025-03-07,22.38,33.07,13.44,23.76,2.02,0.0,5.63,5.65
2025-03-08,22.93,33.18,14.17,23.26,1.73,0.0,5.79,5.81
2025-03-09,23.71,34.51,13.82,24.01,2.32,0.0,5.7,5.71
2025-03-10,24.53,35.76,14.51,28.37,1.92,0.0,5.58,-999.0
2025-03-11,26.52,37.2,18.04,26.16,2.08,0.0,5.13,-999.0
2025-03-12,26.83,35.92,19.02,29.2,2.31,0.0,5.58,5.66
2025-03-13,27.46,36.3,20.3,34.28,1.94,1.04,5.27,5.65
2025-03-14,27.37,36.12,18.98,35.5,1.83,0.32,5.68,-999.0
2025-03-15,25.29,34.37,18.76,35.75,2.53,0.44,5.62,-999.0
2025-03-16,24.31,32.35,17.14,35.17,3.14,0.0,5.57,-999.0
2025-03-17,23.67,31.45,17.31,29.42,2.56,0.0,5.87,-999.0
2025-03-18,23.54,32.73,16.33,26.29,1.77,0.0,6.1,6.12
2025-03-19,24.56,34.13,15.61,20.87,1.77,0.0,6.09,6.1
2025-03-20,25.56,34.11,17.95,20.66,2.46,0.0,5.58,-999.0
2025-03-21,25.34,33.94,18.67,24.15,2.04,0.0,6.07,6.11
2025-03-22,25.88,34.77,19.4,21.01,2.63,0.0,5.93,-999.0
2025-03-23,25.39,35.85,15.69,17.68,1.42,0.0,6.36,6.38
2025-03-24,26.87,37.92,15.83,16.05,1.8,0.0,6.33,6.35
2025-03-25,28.34,38.94,17.82,17.39,1.55,0.0,6.3,6.32
2025-03-26,29.29,39.1,20.63,18.0,1.94,0.0,6.31,6.33
2025-03-27,27.89,36.88,20.09,19.08,3.57,0.0,6.17,6.25
2025-03-28,23.92,33.93,16.17,8.53,3.53,0.0,6.74,6.8
2025-03-29,22.64,32.19,13.91,9.63,2.91,0.0,5.95,-999.0
2025-03-30,24.84,34.85,16.13,11.0,1.92,0.0,6.6,-999.0
2025-03-31,26.0,36.3,16.85,12.04,2.01,0.0,6.68,6.72
2025-04-01,26.99,36.93,17.44,12.97,2.02,0.0,6.53,6.57
2025-04-02,27.96,37.84,18.38,11.4,1.87,0.0,6.57,6.6
2025-04-03,28.77,37.41,19.66,17.75,2.59,0.0,6.37,6.42
2025-04-04,29.48,39.38,20.32,15.21,2.53,0.02,6.38,6.39
2025-04-05,29.22,39.01,19.58,18.19,2.66,0.0,6.5,6.51
2025-04-06,31.57,41.38,23.72,17.25,1.98,0.0,6.46,6.48
2025-04-07,32.67,42.85,21.77,16.24,1.34,0.0,6.45,6.47
2025-04-08,32.94,42.61,23.29,16.47,1.25,0.0,6.41,6.42
2025-04-09,33.82,43.43,25.22,15.92,1.99,0.0,6.4,6.41
2025-04-10,32.39,40.24,24.62,16.0,2.45,0.0,4.92,-999.0
2025-04-11,30.46,39.22,22.73,24.33,2.81,0.01,6.23,-999.0
2025-04-12,30.12,37.97,23.42,29.99,1.93,0.32,6.41,6.43
2025-04-13,30.75,39.31,21.93,27.18,1.65,0.54,6.48,6.52
2025-04-14,31.22,39.29,22.65,24.46,2.33,0.0,6.53,6.56
2025-04-15,31.22,39.0,23.32,26.63,2.94,0.0,6.52,6.54
2025-04-16,32.29,40.12,23.93,25.49,1.95,0.0,6.49,-999.0
2025-04-17,34.19,43.86,24.82,21.35,2.6,0.0,6.56,-999.0
2025-04-18,35.17,44.7,25.92,16.65,3.67,0.0,6.61,6.63
2025-04-19,33.33,41.81,25.44,15.25,3.88,0.0,6.81,6.84
2025-04-20,32.83,40.35,25.48,20.11,3.95,0.0,6.62,-999.0
2025-04-21,31.33,40.24,22.57,8.43,3.12,0.0,6.99,-999.0
2025-04-22,30.73,41.13,20.94,7.42,2.63,0.0,7.11,7.16
2025-04-23,30.89,40.62,20.59,6.0,2.88,0.0,7.25,7.31
2025-04-24,32.01,42.19,21.74,8.68,3.08,0.0,7.12,7.15
2025-04-25,33.18,42.58,23.4,11.99,3.03,0.0,6.97,-999.0
2025-04-26,33.07,40.95,24.64,13.73,2.03,0.0,3.51,-999.0
2025-04-27,33.06,41.79,24.38,15.09,1.93,0.0,6.9,6.96
2025-04-28,32.96,42.9,22.99,13.64,2.26,0.0,6.96,7.01
2025-04-29,32.46,41.73,22.77,14.46,2.75,0.0,7.04,7.05
2025-04-30,32.9,41.96,23.52,18.85,2.76,0.0,6.94,6.96
2025-05-01,35.02,42.6,27.0,23.33,2.2,1.66,6.49,-999.0
2025-05-02,32.68,38.63,28.1,33.04,3.12,4.42,6.32,-999.0
2025-05-03,30.34,36.01,25.46,42.43,1.59,2.61,6.38,6.39
2025-05-04,31.46,38.62,24.69,38.07,1.18,1.96,5.83,-999.0
2025-05-05,30.28,36.71,24.67,43.77,2.11,3.39,4.44,-999.0
2025-05-06,27.96,33.0,24.13,50.3,1.57,4.13,5.11,-999.0
2025-05-07,28.94,34.34,23.24,49.29,1.06,1.77,4.14,-999.0
2025-05-08,29.67,34.66,24.18,49.02,1.43,3.67,3.5,-999.0
2025-05-09,30.37,36.0,24.38,48.21,1.93,3.82,5.54,-999.0
2025-05-10,31.63,37.91,25.35,44.89,1.9,2.14,5.4,-999.0
2025-05-11,32.86,39.6,26.31,38.95,1.68,0.73,6.45,-999.0
2025-05-12,34.16,40.84,26.97,32.0,1.74,1.04,6.54,6.56
2025-05-13,34.62,41.43,27.86,30.19,2.35,0.55,4.94,-999.0
2025-05-14,35.35,42.56,27.4,28.93,2.02,0.17,6.47,-999.0
2025-05-15,36.16,43.2,28.22,22.97,2.26,0.03,6.75,6.77
2025-05-16,36.5,44.72,27.89,21.73,2.58,0.0,6.68,6.71
2025-05-17,36.97,44.35,29.29,24.99,3.49,0.01,6.48,-999.0
2025-05-18,37.47,44.76,30.01,25.0,3.34,0.02,5.93,-999.0
2025-05-19,37.91,44.77,31.17,26.63,3.35,0.14,6.46,-999.0
2025-05-20,37.61,44.34,31.18,25.87,3.82,0.65,6.68,6.7
2025-05-21,37.65,44.75,30.37,21.44,3.3,0.0,6.55,-999.0
2025-05-22,37.13,44.06,29.37,25.52,2.21,1.28,6.64,6.66
2025-05-23,37.58,44.61,30.77,26.13,2.93,1.33,6.62,-999.0
2025-05-24,36.38,42.86,30.11,33.78,3.37,2.52,6.54,-999.0
2025-05-25,33.67,38.78,28.28,42.0,3.15,2.15,6.55,6.55
2025-05-26,34.07,39.88,28.47,42.08,2.81,0.31,6.49,-999.0
2025-05-27,35.52,41.97,28.67,37.35,2.07,0.13,6.42,-999.0
2025-05-28,36.43,42.54,30.24,36.5,1.69,2.01,6.49,-999.0
2025-05-29,35.73,41.41,31.19,38.54,1.19,3.68,3.72,-999.0
2025-05-30,34.23,38.79,29.99,39.87,1.3,1.73,4.94,-999.0
2025-05-31,34.48,41.49,27.82,30.32,3.58,0.06,5.44,-999.0
