date,year,month,day,day_of_week,solar_mwh
2023-06-01,2023,6,1,Thursday,95310.0
2023-06-02,2023,6,2,Friday,110250.0
2023-06-03,2023,6,3,Saturday,110430.0
2023-06-04,2023,6,4,Sunday,120770.0
2023-06-05,2023,6,5,Monday,112970.0
2023-06-06,2023,6,6,Tuesday,101890.0
2023-06-07,2023,6,7,Wednesday,113440.0
2023-06-08,2023,6,8,Thursday,115290.0
2023-06-09,2023,6,9,Friday,115210.0
2023-06-10,2023,6,10,Saturday,113720.0
2023-06-11,2023,6,11,Sunday,113120.0
2023-06-12,2023,6,12,Monday,120290.0
2023-06-13,2023,6,13,Tuesday,114070.0
2023-06-14,2023,6,14,Wednesday,115040.0
2023-06-15,2023,6,15,Thursday,103440.0
2023-06-16,2023,6,16,Friday,75060.0
2023-06-17,2023,6,17,Saturday,55160.0
2023-06-18,2023,6,18,Sunday,89890.0
2023-06-19,2023,6,19,Monday,119480.0
2023-06-20,2023,6,20,Tuesday,121130.0
2023-06-21,2023,6,21,Wednesday,125100.0
2023-06-22,2023,6,22,Thursday,123310.0
2023-06-23,2023,6,23,Friday,125280.0
2023-06-24,2023,6,24,Saturday,123670.0
2023-06-25,2023,6,25,Sunday,112130.0
2023-06-26,2023,6,26,Monday,105820.0
2023-06-27,2023,6,27,Tuesday,105290.0
2023-06-28,2023,6,28,Wednesday,107380.0
2023-06-29,2023,6,29,Thursday,105250.0
2023-06-30,2023,6,30,Friday,114060.0
2023-07-01,2023,7,1,Saturday,117370.0
2023-07-02,2023,7,2,Sunday,120600.0
2023-07-03,2023,7,3,Monday,124290.0
2023-07-04,2023,7,4,Tuesday,122200.0
2023-07-05,2023,7,5,Wednesday,115510.0
2023-07-06,2023,7,6,Thursday,96280.0
2023-07-07,2023,7,7,Friday,89970.0
2023-07-08,2023,7,8,Saturday,88890.0
2023-07-09,2023,7,9,Sunday,103650.0
2023-07-10,2023,7,10,Monday,108060.0
2023-07-11,2023,7,11,Tuesday,116420.0
2023-07-12,2023,7,12,Wednesday,122740.0
2023-07-13,2023,7,13,Thursday,123090.0
2023-07-14,2023,7,14,Friday,115950.0
2023-07-15,2023,7,15,Saturday,122110.0
2023-07-16,2023,7,16,Sunday,114950.0
2023-07-17,2023,7,17,Monday,109540.0
2023-07-18,2023,7,18,Tuesday,109760.0
2023-07-19,2023,7,19,Wednesday,90140.0
2023-07-20,2023,7,20,Thursday,99040.00000000001
2023-07-21,2023,7,21,Friday,98109.99999999996
2023-07-22,2023,7,22,Saturday,92920.0
2023-07-23,2023,7,23,Sunday,101430.00000000001
2023-07-24,2023,7,24,Monday,94500.0
2023-07-25,2023,7,25,Tuesday,67960.00000000001
2023-07-26,2023,7,26,Wednesday,79400.00000000001
2023-07-27,2023,7,27,Thursday,50250.00000000001
2023-07-28,2023,7,28,Friday,71990.0
2023-07-29,2023,7,29,Saturday,89900.0
2023-07-30,2023,7,30,Sunday,104760.0
2023-07-31,2023,7,31,Monday,112410.0
2023-08-01,2023,8,1,Tuesday,117320.00000000003
2023-08-02,2023,8,2,Wednesday,107060.00000000001
2023-08-03,2023,8,3,Thursday,101920.0
2023-08-04,2023,8,4,Friday,107090.0
2023-08-05,2023,8,5,Saturday,111250.0
2023-08-06,2023,8,6,Sunday,113480.0
2023-08-07,2023,8,7,Monday,113560.00000000004
2023-08-08,2023,8,8,Tuesday,109790.0
2023-08-09,2023,8,9,Wednesday,108600.00000000003
2023-08-10,2023,8,10,Thursday,108440.00000000004
2023-08-11,2023,8,11,Friday,106029.99999999996
2023-08-12,2023,8,12,Saturday,116290.00000000001
2023-08-13,2023,8,13,Sunday,113539.99999999997
2023-08-14,2023,8,14,Monday,105980.00000000004
2023-08-15,2023,8,15,Tuesday,88840.0
2023-08-16,2023,8,16,Wednesday,109550.0
2023-08-17,2023,8,17,Thursday,109170.0
2023-08-18,2023,8,18,Friday,115320.0
2023-08-19,2023,8,19,Saturday,108640.0
2023-08-20,2023,8,20,Sunday,88490.0
2023-08-21,2023,8,21,Monday,114990.0
2023-08-22,2023,8,22,Tuesday,122890.0
2023-08-23,2023,8,23,Wednesday,113920.00000000001
2023-08-24,2023,8,24,Thursday,110060.0
2023-08-25,2023,8,25,Friday,108509.99999999996
2023-08-26,2023,8,26,Saturday,104200.0
2023-08-27,2023,8,27,Sunday,106830.0
2023-08-28,2023,8,28,Monday,112770.0
2023-08-29,2023,8,29,Tuesday,108950.0
2023-08-30,2023,8,30,Wednesday,119459.99999999999
2023-08-31,2023,8,31,Thursday,122710.00000000003
2023-09-01,2023,9,1,Friday,122170.00000000001
2023-09-02,2023,9,2,Saturday,124270.0
2023-09-03,2023,9,3,Sunday,125699.99999999996
2023-09-04,2023,9,4,Monday,123480.0
2023-09-05,2023,9,5,Tuesday,122050.0
2023-09-06,2023,9,6,Wednesday,118950.0
2023-09-07,2023,9,7,Thursday,117860.0
2023-09-08,2023,9,8,Friday,116009.99999999997
2023-09-09,2023,9,9,Saturday,116820.0
2023-09-10,2023,9,10,Sunday,114800.0
2023-09-11,2023,9,11,Monday,116440.0
2023-09-12,2023,9,12,Tuesday,115639.99999999996
2023-09-13,2023,9,13,Wednesday,111489.99999999999
2023-09-14,2023,9,14,Thursday,91110.0
2023-09-15,2023,9,15,Friday,92080.0
2023-09-16,2023,9,16,Saturday,105960.0
2023-09-17,2023,9,17,Sunday,92920.00000000001
2023-09-18,2023,9,18,Monday,56239.99999999998
2023-09-19,2023,9,19,Tuesday,74050.00000000001
2023-09-20,2023,9,20,Wednesday,99740.0
2023-09-21,2023,9,21,Thursday,112000.00000000004
2023-09-22,2023,9,22,Friday,116519.99999999999
2023-09-23,2023,9,23,Saturday,113910.00000000004
2023-09-24,2023,9,24,Sunday,108930.00000000001
2023-09-25,2023,9,25,Monday,115350.0
2023-09-26,2023,9,26,Tuesday,106250.00000000006
2023-09-27,2023,9,27,Wednesday,101330.0
2023-09-28,2023,9,28,Thursday,111669.99999999996
2023-09-29,2023,9,29,Friday,114550.0
2023-09-30,2023,9,30,Saturday,110650.0
2023-10-01,2023,10,1,Sunday,100330.0
2023-10-02,2023,10,2,Monday,113399.99999999996
2023-10-03,2023,10,3,Tuesday,120099.99999999997
2023-10-04,2023,10,4,Wednesday,117010.0
2023-10-05,2023,10,5,Thursday,117820.0
2023-10-06,2023,10,6,Friday,115870.0
2023-10-07,2023,10,7,Saturday,114900.0
2023-10-08,2023,10,8,Sunday,111769.99999999996
2023-10-09,2023,10,9,Monday,111540.00000000003
2023-10-10,2023,10,10,Tuesday,111830.00000000004
2023-10-11,2023,10,11,Wednesday,109180.0
2023-10-12,2023,10,12,Thursday,107900.0
2023-10-13,2023,10,13,Friday,111750.0
2023-10-14,2023,10,14,Saturday,109140.0
2023-10-15,2023,10,15,Sunday,103459.99999999999
2023-10-16,2023,10,16,Monday,66679.99999999999
2023-10-17,2023,10,17,Tuesday,82819.99999999999
2023-10-18,2023,10,18,Wednesday,109369.99999999997
2023-10-19,2023,10,19,Thursday,105120.00000000001
2023-10-20,2023,10,20,Friday,103750.0
2023-10-21,2023,10,21,Saturday,98600.00000000004
2023-10-22,2023,10,22,Sunday,93370.00000000001
2023-10-23,2023,10,23,Monday,102939.99999999999
2023-10-24,2023,10,24,Tuesday,99190.00000000004
2023-10-25,2023,10,25,Wednesday,102560.00000000001
2023-10-26,2023,10,26,Thursday,104839.99999999991
2023-10-27,2023,10,27,Friday,102110.0
2023-10-28,2023,10,28,Saturday,81080.0
2023-10-29,2023,10,29,Sunday,100590.0
2023-10-30,2023,10,30,Monday,93489.99999999997
2023-10-31,2023,10,31,Tuesday,84800.00000000001
2023-11-01,2023,11,1,Wednesday,83300.00000000001
2023-11-02,2023,11,2,Thursday,89040.0
2023-11-03,2023,11,3,Friday,88110.0
2023-11-04,2023,11,4,Saturday,86560.0
2023-11-05,2023,11,5,Sunday,90429.99999999999
2023-11-06,2023,11,6,Monday,89299.99999999999
2023-11-07,2023,11,7,Tuesday,82770.00000000004
2023-11-08,2023,11,8,Wednesday,72490.00000000004
2023-11-09,2023,11,9,Thursday,59210.00000000002
2023-11-10,2023,11,10,Friday,95770.0
2023-11-11,2023,11,11,Saturday,91310.0
2023-11-12,2023,11,12,Sunday,103050.0
2023-11-13,2023,11,13,Monday,88859.99999999999
2023-11-14,2023,11,14,Tuesday,86800.00000000001
2023-11-15,2023,11,15,Wednesday,85940.0
2023-11-16,2023,11,16,Thursday,91680.0
2023-11-17,2023,11,17,Friday,68039.99999999997
2023-11-18,2023,11,18,Saturday,73520.0
2023-11-19,2023,11,19,Sunday,69079.99999999999
2023-11-20,2023,11,20,Monday,78260.00000000001
2023-11-21,2023,11,21,Tuesday,77560.0
2023-11-22,2023,11,22,Wednesday,87700.00000000001
2023-11-23,2023,11,23,Thursday,87740.00000000003
2023-11-24,2023,11,24,Friday,85620.00000000001
2023-11-25,2023,11,25,Saturday,68630.00000000001
2023-11-26,2023,11,26,Sunday,17040.000000000004
2023-11-27,2023,11,27,Monday,35510.0
2023-11-28,2023,11,28,Tuesday,59980.000000000015
2023-11-29,2023,11,29,Wednesday,64709.99999999998
2023-11-30,2023,11,30,Thursday,77960.00000000001
2023-12-01,2023,12,1,Friday,72719.99999999999
2023-12-02,2023,12,2,Saturday,86829.99999999999
2023-12-03,2023,12,3,Sunday,91810.00000000001
2023-12-04,2023,12,4,Monday,96060.0
2023-12-05,2023,12,5,Tuesday,95530.0
2023-12-06,2023,12,6,Wednesday,92100.0
2023-12-07,2023,12,7,Thursday,92790.00000000001
2023-12-08,2023,12,8,Friday,95499.99999999996
2023-12-09,2023,12,9,Saturday,96229.99999999996
2023-12-10,2023,12,10,Sunday,93970.0
2023-12-11,2023,12,11,Monday,97740.0
2023-12-12,2023,12,12,Tuesday,91319.99999999999
2023-12-13,2023,12,13,Wednesday,93760.00000000001
2023-12-14,2023,12,14,Thursday,95539.99999999997
2023-12-15,2023,12,15,Friday,91230.0
2023-12-16,2023,12,16,Saturday,90670.00000000004
2023-12-17,2023,12,17,Sunday,92280.00000000001
2023-12-18,2023,12,18,Monday,92310.0
2023-12-19,2023,12,19,Tuesday,87660.0
2023-12-20,2023,12,20,Wednesday,89830.0
2023-12-21,2023,12,21,Thursday,98709.99999999999
2023-12-22,2023,12,22,Friday,85870.00000000001
2023-12-23,2023,12,23,Saturday,95440.0
2023-12-24,2023,12,24,Sunday,77770.00000000001
2023-12-25,2023,12,25,Monday,84679.99999999999
2023-12-26,2023,12,26,Tuesday,86080.00000000003
2023-12-27,2023,12,27,Wednesday,87070.00000000001
2023-12-28,2023,12,28,Thursday,97900.0
2023-12-29,2023,12,29,Friday,92670.0
2023-12-30,2023,12,30,Saturday,79410.0
2023-12-31,2023,12,31,Sunday,86160.0
2024-01-01,2024,1,1,Monday,73679.99999999999
2024-01-02,2024,1,2,Tuesday,81330.0
2024-01-03,2024,1,3,Wednesday,87779.99999999997
2024-01-04,2024,1,4,Thursday,76020.00000000004
2024-01-05,2024,1,5,Friday,86740.00000000004
2024-01-06,2024,1,6,Saturday,87670.0
2024-01-07,2024,1,7,Sunday,65150.00000000001
2024-01-08,2024,1,8,Monday,58390.00000000001
2024-01-09,2024,1,9,Tuesday,71750.00000000001
2024-01-10,2024,1,10,Wednesday,89980.00000000003
2024-01-11,2024,1,11,Thursday,109640.0
2024-01-12,2024,1,12,Friday,108290.00000000001
2024-01-13,2024,1,13,Saturday,91820.0
2024-01-14,2024,1,14,Sunday,90890.0
2024-01-15,2024,1,15,Monday,105030.00000000004
2024-01-16,2024,1,16,Tuesday,100949.99999999996
2024-01-17,2024,1,17,Wednesday,80300.00000000001
2024-01-18,2024,1,18,Thursday,85790.0
2024-01-19,2024,1,19,Friday,103730.00000000004
2024-01-20,2024,1,20,Saturday,101380.0
2024-01-21,2024,1,21,Sunday,84500.0
2024-01-22,2024,1,22,Monday,96739.99999999997
2024-01-23,2024,1,23,Tuesday,83220.0
2024-01-24,2024,1,24,Wednesday,88140.00000000003
2024-01-25,2024,1,25,Thursday,96039.99999999997
2024-01-26,2024,1,26,Friday,84650.0
2024-01-27,2024,1,27,Saturday,77720.0
2024-01-28,2024,1,28,Sunday,70999.99999999999
2024-01-29,2024,1,29,Monday,90660.0
2024-01-30,2024,1,30,Tuesday,54280.00000000001
2024-01-31,2024,1,31,Wednesday,93950.0
2024-02-01,2024,2,1,Thursday,109470.0
2024-02-02,2024,2,2,Friday,93030.0
2024-02-03,2024,2,3,Saturday,51869.999999999985
2024-02-04,2024,2,4,Sunday,57629.99999999996
2024-02-05,2024,2,5,Monday,112029.99999999996
2024-02-06,2024,2,6,Tuesday,109020.0
2024-02-07,2024,2,7,Wednesday,101429.99999999999
2024-02-08,2024,2,8,Thursday,115340.00000000001
2024-02-09,2024,2,9,Friday,130030.00000000003
2024-02-10,2024,2,10,Saturday,129629.99999999994
2024-02-11,2024,2,11,Sunday,126830.0
2024-02-12,2024,2,12,Monday,82059.99999999996
2024-02-13,2024,2,13,Tuesday,96290.00000000001
2024-02-14,2024,2,14,Wednesday,119770.00000000004
2024-02-15,2024,2,15,Thursday,127049.99999999999
2024-02-16,2024,2,16,Friday,121250.0
2024-02-17,2024,2,17,Saturday,126029.99999999996
2024-02-18,2024,2,18,Sunday,111990.0
2024-02-19,2024,2,19,Monday,106910.0
2024-02-20,2024,2,20,Tuesday,118080.0
2024-02-21,2024,2,21,Wednesday,119390.0
2024-02-22,2024,2,22,Thursday,124860.00000000006
2024-02-23,2024,2,23,Friday,133550.0
2024-02-24,2024,2,24,Saturday,135490.0
2024-02-25,2024,2,25,Sunday,121210.0
2024-02-26,2024,2,26,Monday,85339.99999999999
2024-02-27,2024,2,27,Tuesday,128520.00000000001
2024-02-28,2024,2,28,Wednesday,136310.0
2024-02-29,2024,2,29,Thursday,133309.99999999997
2024-03-01,2024,3,1,Friday,73940.00000000001
2024-03-02,2024,3,2,Saturday,108449.99999999996
2024-03-03,2024,3,3,Sunday,146390.0
2024-03-04,2024,3,4,Monday,145110.0
2024-03-05,2024,3,5,Tuesday,125459.99999999999
2024-03-06,2024,3,6,Wednesday,116899.99999999997
2024-03-07,2024,3,7,Thursday,137830.00000000006
2024-03-08,2024,3,8,Friday,143470.00000000006
2024-03-09,2024,3,9,Saturday,140410.00000000006
2024-03-10,2024,3,10,Sunday,113529.99999999996
2024-03-11,2024,3,11,Monday,138780.00000000003
2024-03-12,2024,3,12,Tuesday,139289.99999999994
2024-03-13,2024,3,13,Wednesday,127680.0
2024-03-14,2024,3,14,Thursday,140599.99999999994
2024-03-15,2024,3,15,Friday,139670.0
2024-03-16,2024,3,16,Saturday,146300.0
2024-03-17,2024,3,17,Sunday,133390.00000000003
2024-03-18,2024,3,18,Monday,143810.0
2024-03-19,2024,3,19,Tuesday,139529.99999999997
2024-03-20,2024,3,20,Wednesday,141810.0
2024-03-21,2024,3,21,Thursday,130380.00000000003
2024-03-22,2024,3,22,Friday,138050.0
2024-03-23,2024,3,23,Saturday,126940.0
2024-03-24,2024,3,24,Sunday,122999.99999999996
2024-03-25,2024,3,25,Monday,121759.99999999996
2024-03-26,2024,3,26,Tuesday,124180.00000000001
2024-03-27,2024,3,27,Wednesday,127890.00000000004
2024-03-28,2024,3,28,Thursday,129600.00000000003
2024-03-29,2024,3,29,Friday,133530.00000000003
2024-03-30,2024,3,30,Saturday,142150.00000000003
2024-03-31,2024,3,31,Sunday,137430.0
2024-04-01,2024,4,1,Monday,134300.0
2024-04-02,2024,4,2,Tuesday,132709.99999999997
2024-04-03,2024,4,3,Wednesday,126600.0
2024-04-04,2024,4,4,Thursday,129449.99999999996
2024-04-05,2024,4,5,Friday,97670.0
2024-04-06,2024,4,6,Saturday,142350.00000000006
2024-04-07,2024,4,7,Sunday,141289.99999999997
2024-04-08,2024,4,8,Monday,144780.0
2024-04-09,2024,4,9,Tuesday,118320.0
2024-04-10,2024,4,10,Wednesday,128150.0
2024-04-11,2024,4,11,Thursday,132800.00000000003
2024-04-12,2024,4,12,Friday,123260.0
2024-04-13,2024,4,13,Saturday,98480.0
2024-04-14,2024,4,14,Sunday,113120.0
2024-04-15,2024,4,15,Monday,109879.99999999997
2024-04-16,2024,4,16,Tuesday,147620.0
2024-04-17,2024,4,17,Wednesday,118109.99999999996
2024-04-18,2024,4,18,Thursday,96870.00000000003
2024-04-19,2024,4,19,Friday,149080.00000000003
2024-04-20,2024,4,20,Saturday,140049.99999999997
2024-04-21,2024,4,21,Sunday,136780.0
2024-04-22,2024,4,22,Monday,150260.00000000003
2024-04-23,2024,4,23,Tuesday,153640.0
2024-04-24,2024,4,24,Wednesday,146160.0
2024-04-25,2024,4,25,Thursday,146150.00000000003
2024-04-26,2024,4,26,Friday,153260.0
2024-04-27,2024,4,27,Saturday,147470.00000000003
2024-04-28,2024,4,28,Sunday,138029.99999999997
2024-04-29,2024,4,29,Monday,152429.99999999994
2024-04-30,2024,4,30,Tuesday,159180.0
2024-05-01,2024,5,1,Wednesday,161839.99999999994
2024-05-02,2024,5,2,Thursday,154739.99999999997
2024-05-03,2024,5,3,Friday,129260.00000000001
2024-05-04,2024,5,4,Saturday,149049.99999999997
2024-05-05,2024,5,5,Sunday,148210.0
2024-05-06,2024,5,6,Monday,139650.0
2024-05-07,2024,5,7,Tuesday,140740.00000000003
2024-05-08,2024,5,8,Wednesday,154169.99999999997
2024-05-09,2024,5,9,Thursday,144390.00000000003
2024-05-10,2024,5,10,Friday,145000.0
2024-05-11,2024,5,11,Saturday,136629.99999999997
2024-05-12,2024,5,12,Sunday,154460.0
2024-05-13,2024,5,13,Monday,140040.0
2024-05-14,2024,5,14,Tuesday,144030.00000000003
2024-05-15,2024,5,15,Wednesday,139899.99999999997
2024-05-16,2024,5,16,Thursday,138000.00000000003
2024-05-17,2024,5,17,Friday,146459.99999999997
2024-05-18,2024,5,18,Saturday,145930.00000000003
2024-05-19,2024,5,19,Sunday,138909.99999999997
2024-05-20,2024,5,20,Monday,149060.0
2024-05-21,2024,5,21,Tuesday,153940.0
2024-05-22,2024,5,22,Wednesday,144810.0
2024-05-23,2024,5,23,Thursday,154360.0
2024-05-24,2024,5,24,Friday,147980.0
2024-05-25,2024,5,25,Saturday,143069.99999999997
2024-05-26,2024,5,26,Sunday,147640.0
2024-05-27,2024,5,27,Monday,151049.99999999997
2024-05-28,2024,5,28,Tuesday,152579.99999999994
2024-05-29,2024,5,29,Wednesday,157820.0
2024-05-30,2024,5,30,Thursday,160760.00000000003
2024-05-31,2024,5,31,Friday,158799.99999999997
2024-06-01,2024,6,1,Saturday,161009.99999999997
2024-06-02,2024,6,2,Sunday,153689.9999999999
2024-06-03,2024,6,3,Monday,152210.00000000003
2024-06-04,2024,6,4,Tuesday,152130.0
2024-06-05,2024,6,5,Wednesday,157849.99999999994
2024-06-06,2024,6,6,Thursday,150410.00000000006
2024-06-07,2024,6,7,Friday,142959.99999999997
2024-06-08,2024,6,8,Saturday,145300.00000000003
2024-06-09,2024,6,9,Sunday,149679.99999999997
2024-06-10,2024,6,10,Monday,151089.99999999994
2024-06-11,2024,6,11,Tuesday,150900.00000000003
2024-06-12,2024,6,12,Wednesday,152710.00000000003
2024-06-13,2024,6,13,Thursday,149899.99999999997
2024-06-14,2024,6,14,Friday,156380.00000000003
2024-06-15,2024,6,15,Saturday,157290.00000000003
2024-06-16,2024,6,16,Sunday,152330.0
2024-06-17,2024,6,17,Monday,154690.00000000003
2024-06-18,2024,6,18,Tuesday,155069.99999999997
2024-06-19,2024,6,19,Wednesday,153520.00000000003
2024-06-20,2024,6,20,Thursday,150930.0
2024-06-21,2024,6,21,Friday,128809.99999999997
2024-06-22,2024,6,22,Saturday,121879.99999999997
2024-06-23,2024,6,23,Sunday,146359.99999999997
2024-06-24,2024,6,24,Monday,145710.0
2024-06-25,2024,6,25,Tuesday,133460.0
2024-06-26,2024,6,26,Wednesday,110980.0
2024-06-27,2024,6,27,Thursday,119550.0
2024-06-28,2024,6,28,Friday,103070.0
2024-06-29,2024,6,29,Saturday,97860.00000000004
2024-06-30,2024,6,30,Sunday,142089.99999999994
2024-07-01,2024,7,1,Monday,145230.0
2024-07-02,2024,7,2,Tuesday,147510.0
2024-07-03,2024,7,3,Wednesday,151400.0
2024-07-04,2024,7,4,Thursday,126350.0
2024-07-05,2024,7,5,Friday,136850.0
2024-07-06,2024,7,6,Saturday,137230.0
2024-07-07,2024,7,7,Sunday,97860.0
2024-07-08,2024,7,8,Monday,110810.0
2024-07-09,2024,7,9,Tuesday,143580.0
2024-07-10,2024,7,10,Wednesday,147420.0
2024-07-11,2024,7,11,Thursday,150450.0
2024-07-12,2024,7,12,Friday,141080.0
2024-07-13,2024,7,13,Saturday,131980.0
2024-07-14,2024,7,14,Sunday,124290.0
2024-07-15,2024,7,15,Monday,144330.0
2024-07-16,2024,7,16,Tuesday,143860.0
2024-07-17,2024,7,17,Wednesday,124150.0
2024-07-18,2024,7,18,Thursday,133270.0
2024-07-19,2024,7,19,Friday,141960.0
2024-07-20,2024,7,20,Saturday,117770.0
2024-07-21,2024,7,21,Sunday,135830.0
2024-07-22,2024,7,22,Monday,128410.0
2024-07-23,2024,7,23,Tuesday,136550.0
2024-07-24,2024,7,24,Wednesday,134110.0
2024-07-25,2024,7,25,Thursday,130440.0
2024-07-26,2024,7,26,Friday,131200.0
2024-07-27,2024,7,27,Saturday,145950.0
2024-07-28,2024,7,28,Sunday,122300.0
2024-07-29,2024,7,29,Monday,125520.0
2024-07-30,2024,7,30,Tuesday,134520.0
2024-07-31,2024,7,31,Wednesday,137820.0
2024-08-01,2024,8,1,Thursday,75560.0
2024-08-02,2024,8,2,Friday,36160.0
2024-08-03,2024,8,3,Saturday,89610.0
2024-08-04,2024,8,4,Sunday,123140.0
2024-08-05,2024,8,5,Monday,64560.0
2024-08-06,2024,8,6,Tuesday,45920.0
2024-08-07,2024,8,7,Wednesday,88500.0
2024-08-08,2024,8,8,Thursday,109140.0
2024-08-09,2024,8,9,Friday,125180.0
2024-08-10,2024,8,10,Saturday,111780.0
2024-08-11,2024,8,11,Sunday,123990.0
2024-08-12,2024,8,12,Monday,137320.0
2024-08-13,2024,8,13,Tuesday,111960.0
2024-08-14,2024,8,14,Wednesday,74840.0
2024-08-15,2024,8,15,Thursday,88140.0
2024-08-16,2024,8,16,Friday,48970.0
2024-08-17,2024,8,17,Saturday,82870.0
2024-08-18,2024,8,18,Sunday,131540.0
2024-08-19,2024,8,19,Monday,139810.0
2024-08-20,2024,8,20,Tuesday,153110.0
2024-08-21,2024,8,21,Wednesday,145570.0
2024-08-22,2024,8,22,Thursday,136160.0
2024-08-23,2024,8,23,Friday,128479.99999999999
2024-08-24,2024,8,24,Saturday,126340.0
2024-08-25,2024,8,25,Sunday,114040.0
2024-08-26,2024,8,26,Monday,108120.0
2024-08-27,2024,8,27,Tuesday,83660.0
2024-08-28,2024,8,28,Wednesday,125700.0
2024-08-29,2024,8,29,Thursday,120620.0
2024-08-30,2024,8,30,Friday,121870.0
2024-08-31,2024,8,31,Saturday,118170.0
2024-09-01,2024,9,1,Sunday,130539.99999999999
2024-09-02,2024,9,2,Monday,120730.0
2024-09-03,2024,9,3,Tuesday,87350.0
2024-09-04,2024,9,4,Wednesday,80180.0
2024-09-05,2024,9,5,Thursday,126930.0
2024-09-06,2024,9,6,Friday,132380.0
2024-09-07,2024,9,7,Saturday,144530.0
2024-09-08,2024,9,8,Sunday,145690.0
2024-09-09,2024,9,9,Monday,146310.0
2024-09-10,2024,9,10,Tuesday,138080.0
2024-09-11,2024,9,11,Wednesday,141370.0
2024-09-12,2024,9,12,Thursday,147610.0
2024-09-13,2024,9,13,Friday,153090.0
2024-09-14,2024,9,14,Saturday,147240.0
2024-09-15,2024,9,15,Sunday,148430.0
2024-09-16,2024,9,16,Monday,153860.0
2024-09-17,2024,9,17,Tuesday,157610.0
2024-09-18,2024,9,18,Wednesday,148190.0
2024-09-19,2024,9,19,Thursday,133540.0
2024-09-20,2024,9,20,Friday,132910.0
2024-09-21,2024,9,21,Saturday,136670.0
2024-09-22,2024,9,22,Sunday,146870.0
2024-09-23,2024,9,23,Monday,147370.0
2024-09-24,2024,9,24,Tuesday,144030.0
2024-09-25,2024,9,25,Wednesday,140050.0
2024-09-26,2024,9,26,Thursday,139630.0
2024-09-27,2024,9,27,Friday,136330.0
2024-09-28,2024,9,28,Saturday,134880.0
2024-09-29,2024,9,29,Sunday,146540.0
2024-09-30,2024,9,30,Monday,144540.0
2024-10-01,2024,10,1,Tuesday,148560.0
2024-10-02,2024,10,2,Wednesday,155860.0
2024-10-03,2024,10,3,Thursday,153770.0
2024-10-04,2024,10,4,Friday,153460.0
2024-10-05,2024,10,5,Saturday,144170.0
2024-10-06,2024,10,6,Sunday,145710.0
2024-10-07,2024,10,7,Monday,147910.0
2024-10-08,2024,10,8,Tuesday,136910.0
2024-10-09,2024,10,9,Wednesday,136710.0
2024-10-10,2024,10,10,Thursday,147400.0
2024-10-11,2024,10,11,Friday,154890.0
2024-10-12,2024,10,12,Saturday,152540.0
2024-10-13,2024,10,13,Sunday,118590.0
2024-10-14,2024,10,14,Monday,122440.0
2024-10-15,2024,10,15,Tuesday,147430.0
2024-10-16,2024,10,16,Wednesday,116010.0
2024-10-17,2024,10,17,Thursday,116500.0
2024-10-18,2024,10,18,Friday,138540.0
2024-10-19,2024,10,19,Saturday,138310.0
2024-10-20,2024,10,20,Sunday,125190.0
2024-10-21,2024,10,21,Monday,123840.0
2024-10-22,2024,10,22,Tuesday,135710.0
2024-10-23,2024,10,23,Wednesday,139690.0
2024-10-24,2024,10,24,Thursday,141840.0
2024-10-25,2024,10,25,Friday,139590.0
2024-10-26,2024,10,26,Saturday,143430.0
2024-10-27,2024,10,27,Sunday,144780.0
2024-10-28,2024,10,28,Monday,144750.0
2024-10-29,2024,10,29,Tuesday,140760.0
2024-10-30,2024,10,30,Wednesday,143700.0
2024-10-31,2024,10,31,Thursday,130919.99999999999
2024-11-01,2024,11,1,Friday,131060.0
2024-11-02,2024,11,2,Saturday,138290.0
2024-11-03,2024,11,3,Sunday,138170.0
2024-11-04,2024,11,4,Monday,136720.0
2024-11-05,2024,11,5,Tuesday,135600.0
2024-11-06,2024,11,6,Wednesday,134360.0
2024-11-07,2024,11,7,Thursday,137170.0
2024-11-08,2024,11,8,Friday,137130.0
2024-11-09,2024,11,9,Saturday,127700.0
2024-11-10,2024,11,10,Sunday,132950.0
2024-11-11,2024,11,11,Monday,137010.0
2024-11-12,2024,11,12,Tuesday,131570.0
2024-11-13,2024,11,13,Wednesday,127250.0
2024-11-14,2024,11,14,Thursday,125810.0
2024-11-15,2024,11,15,Friday,110980.0
2024-11-16,2024,11,16,Saturday,110580.0
2024-11-17,2024,11,17,Sunday,116880.0
2024-11-18,2024,11,18,Monday,131770.0
2024-11-19,2024,11,19,Tuesday,132550.0
2024-11-20,2024,11,20,Wednesday,133840.0
2024-11-21,2024,11,21,Thursday,134540.0
2024-11-22,2024,11,22,Friday,132910.0
2024-11-23,2024,11,23,Saturday,127260.0
2024-11-24,2024,11,24,Sunday,124060.0
2024-11-25,2024,11,25,Monday,118430.0
2024-11-26,2024,11,26,Tuesday,119570.0
2024-11-27,2024,11,27,Wednesday,127730.0
2024-11-28,2024,11,28,Thursday,132270.0
2024-11-29,2024,11,29,Friday,131090.0
2024-11-30,2024,11,30,Saturday,118300.0
2024-12-01,2024,12,1,Sunday,116390.0
2024-12-02,2024,12,2,Monday,117960.0
2024-12-03,2024,12,3,Tuesday,118760.0
2024-12-04,2024,12,4,Wednesday,126050.0
2024-12-05,2024,12,5,Thursday,131039.99999999999
2024-12-06,2024,12,6,Friday,131480.0
2024-12-07,2024,12,7,Saturday,142190.0
2024-12-08,2024,12,8,Sunday,133480.0
2024-12-09,2024,12,9,Monday,118990.0
2024-12-10,2024,12,10,Tuesday,130060.0
2024-12-11,2024,12,11,Wednesday,129220.0
2024-12-12,2024,12,12,Thursday,132990.0
2024-12-13,2024,12,13,Friday,135400.0
2024-12-14,2024,12,14,Saturday,146140.0
2024-12-15,2024,12,15,Sunday,145200.0
2024-12-16,2024,12,16,Monday,137080.0
2024-12-17,2024,12,17,Tuesday,134910.0
2024-12-18,2024,12,18,Wednesday,132710.0
2024-12-19,2024,12,19,Thursday,134850.0
2024-12-20,2024,12,20,Friday,106070.0
2024-12-21,2024,12,21,Saturday,97650.0
2024-12-22,2024,12,22,Sunday,83960.0
2024-12-23,2024,12,23,Monday,83170.0
2024-12-24,2024,12,24,Tuesday,100980.0
2024-12-25,2024,12,25,Wednesday,108700.0
2024-12-26,2024,12,26,Thursday,80920.0
2024-12-27,2024,12,27,Friday,68220.0
2024-12-28,2024,12,28,Saturday,117890.0
2024-12-29,2024,12,29,Sunday,112480.0
2024-12-30,2024,12,30,Monday,124800.0
2024-12-31,2024,12,31,Tuesday,123860.0
2025-01-01,2025,1,1,Wednesday,133870.0
2025-01-02,2025,1,2,Thursday,120180.0
2025-01-03,2025,1,3,Friday,134630.0
2025-01-04,2025,1,4,Saturday,132580.0
2025-01-05,2025,1,5,Sunday,109740.0
2025-01-06,2025,1,6,Monday,137610.0
2025-01-07,2025,1,7,Tuesday,143000.0
2025-01-08,2025,1,8,Wednesday,152540.0
2025-01-09,2025,1,9,Thursday,146970.0
2025-01-10,2025,1,10,Friday,140750.0
2025-01-11,2025,1,11,Saturday,116660.0
2025-01-12,2025,1,12,Sunday,94380.0
2025-01-13,2025,1,13,Monday,79370.0
2025-01-14,2025,1,14,Tuesday,132510.0
2025-01-15,2025,1,15,Wednesday,131660.0
2025-01-16,2025,1,16,Thursday,143580.0
2025-01-17,2025,1,17,Friday,137120.0
2025-01-18,2025,1,18,Saturday,135230.0
2025-01-19,2025,1,19,Sunday,135280.0
2025-01-20,2025,1,20,Monday,115360.0
2025-01-21,2025,1,21,Tuesday,144120.0
2025-01-22,2025,1,22,Wednesday,143960.0
2025-01-23,2025,1,23,Thursday,152910.0
2025-01-24,2025,1,24,Friday,164280.0
2025-01-25,2025,1,25,Saturday,167310.0
2025-01-26,2025,1,26,Sunday,167400.0
2025-01-27,2025,1,27,Monday,163710.0
2025-01-28,2025,1,28,Tuesday,160970.0
2025-01-29,2025,1,29,Wednesday,158490.0
2025-01-30,2025,1,30,Thursday,136360.0
2025-01-31,2025,1,31,Friday,123590.0
2025-02-01,2025,2,1,Saturday,130000.0
2025-02-02,2025,2,2,Sunday,159830.0
2025-02-03,2025,2,3,Monday,145310.0
2025-02-04,2025,2,4,Tuesday,161980.0
2025-02-05,2025,2,5,Wednesday,164620.0
2025-02-06,2025,2,6,Thursday,169330.0
2025-02-07,2025,2,7,Friday,158610.0
2025-02-08,2025,2,8,Saturday,158510.0
2025-02-09,2025,2,9,Sunday,161200.0
2025-02-10,2025,2,10,Monday,142180.0
2025-02-11,2025,2,11,Tuesday,162750.0
2025-02-12,2025,2,12,Wednesday,159910.0
2025-02-13,2025,2,13,Thursday,164670.0
2025-02-14,2025,2,14,Friday,157240.0
2025-02-15,2025,2,15,Saturday,167860.0
2025-02-16,2025,2,16,Sunday,145160.0
2025-02-17,2025,2,17,Monday,162800.0
2025-02-18,2025,2,18,Tuesday,155440.0
2025-02-19,2025,2,19,Wednesday,117620.0
2025-02-20,2025,2,20,Thursday,172530.0
2025-02-21,2025,2,21,Friday,164490.0
2025-02-22,2025,2,22,Saturday,173080.0
2025-02-23,2025,2,23,Sunday,178390.0
2025-02-24,2025,2,24,Monday,166500.0
2025-02-25,2025,2,25,Tuesday,106080.0
2025-02-26,2025,2,26,Wednesday,122140.0
2025-02-27,2025,2,27,Thursday,76280.0
2025-02-28,2025,2,28,Friday,130800.00000000001
2025-03-01,2025,3,1,Saturday,162160.0
2025-03-02,2025,3,2,Sunday,180620.0
2025-03-03,2025,3,3,Monday,174250.0
2025-03-04,2025,3,4,Tuesday,190260.0
2025-03-05,2025,3,5,Wednesday,195820.0
2025-03-06,2025,3,6,Thursday,190240.0
2025-03-07,2025,3,7,Friday,184470.0
2025-03-08,2025,3,8,Saturday,181620.0
2025-03-09,2025,3,9,Sunday,178970.0
2025-03-10,2025,3,10,Monday,172010.0
2025-03-11,2025,3,11,Tuesday,157370.0
2025-03-12,2025,3,12,Wednesday,165480.0
2025-03-13,2025,3,13,Thursday,171020.0
2025-03-14,2025,3,14,Friday,156270.0
2025-03-15,2025,3,15,Saturday,180750.0
2025-03-16,2025,3,16,Sunday,168940.0
2025-03-17,2025,3,17,Monday,191730.0
2025-03-18,2025,3,18,Tuesday,192760.0
2025-03-19,2025,3,19,Wednesday,191470.0
2025-03-20,2025,3,20,Thursday,164210.0
2025-03-21,2025,3,21,Friday,185320.0
2025-03-22,2025,3,22,Saturday,192180.0
2025-03-23,2025,3,23,Sunday,184640.0
2025-03-24,2025,3,24,Monday,190120.0
2025-03-25,2025,3,25,Tuesday,188820.0
2025-03-26,2025,3,26,Wednesday,182910.0
2025-03-27,2025,3,27,Thursday,192750.0
2025-03-28,2025,3,28,Friday,201970.0
2025-03-29,2025,3,29,Saturday,180730.0
2025-03-30,2025,3,30,Sunday,196950.0
2025-03-31,2025,3,31,Monday,194800.0
2025-04-01,2025,4,1,Tuesday,196710.0
2025-04-02,2025,4,2,Wednesday,193550.0
2025-04-03,2025,4,3,Thursday,190500.0
2025-04-04,2025,4,4,Friday,190920.0
2025-04-05,2025,4,5,Saturday,186660.0
2025-04-06,2025,4,6,Sunday,186250.0
2025-04-07,2025,4,7,Monday,178930.0
2025-04-08,2025,4,8,Tuesday,177620.0
2025-04-09,2025,4,9,Wednesday,177490.0
2025-04-10,2025,4,10,Thursday,189900.0
2025-04-11,2025,4,11,Friday,165260.0
2025-04-12,2025,4,12,Saturday,175420.0
2025-04-13,2025,4,13,Sunday,184220.0
2025-04-14,2025,4,14,Monday,181610.0
2025-04-15,2025,4,15,Tuesday,184050.0
2025-04-16,2025,4,16,Wednesday,177660.0
2025-04-17,2025,4,17,Thursday,180430.0
2025-04-18,2025,4,18,Friday,174080.0
2025-04-19,2025,4,19,Saturday,184780.0
2025-04-20,2025,4,20,Sunday,191470.0
2025-04-21,2025,4,21,Monday,199040.0
2025-04-22,2025,4,22,Tuesday,202940.0
2025-04-23,2025,4,23,Wednesday,200830.0
2025-04-24,2025,4,24,Thursday,197740.0
2025-04-25,2025,4,25,Friday,191990.0
2025-04-26,2025,4,26,Saturday,185500.0
2025-04-27,2025,4,27,Sunday,192640.0
2025-04-28,2025,4,28,Monday,189200.0
2025-04-29,2025,4,29,Tuesday,184240.0
2025-04-30,2025,4,30,Wednesday,185500.0
2025-05-01,2025,5,1,Thursday,170350.0
2025-05-02,2025,5,2,Friday,161800.0
2025-05-03,2025,5,3,Saturday,171220.0
2025-05-04,2025,5,4,Sunday,165010.0
2025-05-05,2025,5,5,Monday,146420.0
2025-05-06,2025,5,6,Tuesday,167610.0
2025-05-07,2025,5,7,Wednesday,173580.0
2025-05-08,2025,5,8,Thursday,177690.0
2025-05-09,2025,5,9,Friday,172910.0
2025-05-10,2025,5,10,Saturday,185450.0
2025-05-11,2025,5,11,Sunday,183100.0
2025-05-12,2025,5,12,Monday,187310.0
2025-05-13,2025,5,13,Tuesday,191750.0
2025-05-14,2025,5,14,Wednesday,196660.0
2025-05-15,2025,5,15,Thursday,198300.0
2025-05-16,2025,5,16,Friday,195870.0
2025-05-17,2025,5,17,Saturday,196430.0
2025-05-18,2025,5,18,Sunday,194850.0
2025-05-19,2025,5,19,Monday,193550.0
2025-05-20,2025,5,20,Tuesday,191900.0
2025-05-21,2025,5,21,Wednesday,197440.0
2025-05-22,2025,5,22,Thursday,191540.0
2025-05-23,2025,5,23,Friday,197660.0
2025-05-24,2025,5,24,Saturday,190950.0
2025-05-25,2025,5,25,Sunday,119480.0
2025-05-26,2025,5,26,Monday,165830.0
2025-05-27,2025,5,27,Tuesday,167030.0
2025-05-28,2025,5,28,Wednesday,147290.0
2025-05-29,2025,5,29,Thursday,163840.0
2025-05-30,2025,5,30,Friday,153950.0
2025-05-31,2025,5,31,Saturday,150670.0
